-- MySQL dump 10.13  Distrib 8.0.37, for Linux (x86_64)
--
-- Host: localhost    Database: lumina
-- ------------------------------------------------------
-- Server version	8.0.37-0ubuntu0.23.10.2

/*!40101 SET @OLD_CHARACTER_SET_CLIENT=@@CHARACTER_SET_CLIENT */;
/*!40101 SET @OLD_CHARACTER_SET_RESULTS=@@CHARACTER_SET_RESULTS */;
/*!40101 SET @OLD_COLLATION_CONNECTION=@@COLLATION_CONNECTION */;
/*!50503 SET NAMES utf8mb4 */;
/*!40103 SET @OLD_TIME_ZONE=@@TIME_ZONE */;
/*!40103 SET TIME_ZONE='+00:00' */;
/*!40014 SET @OLD_UNIQUE_CHECKS=@@UNIQUE_CHECKS, UNIQUE_CHECKS=0 */;
/*!40014 SET @OLD_FOREIGN_KEY_CHECKS=@@FOREIGN_KEY_CHECKS, FOREIGN_KEY_CHECKS=0 */;
/*!40101 SET @OLD_SQL_MODE=@@SQL_MODE, SQL_MODE='NO_AUTO_VALUE_ON_ZERO' */;
/*!40111 SET @OLD_SQL_NOTES=@@SQL_NOTES, SQL_NOTES=0 */;

--
-- Table structure for table `booking_resource_locks`
--

DROP TABLE IF EXISTS `booking_resource_locks`;
/*!40101 SET @saved_cs_client     = @@character_set_client */;
/*!50503 SET character_set_client = utf8mb4 */;
CREATE TABLE `booking_resource_locks` (
  `resource_type` varchar(30) COLLATE utf8mb4_unicode_ci NOT NULL,
  `resource_id` bigint unsigned NOT NULL,
  `booking_date` date NOT NULL,
  PRIMARY KEY (`resource_type`,`resource_id`,`booking_date`)
) ENGINE=InnoDB DEFAULT CHARSET=utf8mb4 COLLATE=utf8mb4_unicode_ci;
/*!40101 SET character_set_client = @saved_cs_client */;

--
-- Dumping data for table `booking_resource_locks`
--

LOCK TABLES `booking_resource_locks` WRITE;
/*!40000 ALTER TABLE `booking_resource_locks` DISABLE KEYS */;
INSERT INTO `booking_resource_locks` VALUES ('client',2,'2026-05-20'),('client',2,'2026-05-22'),('client',2,'2026-05-25'),('client',16,'2026-05-31'),('client',18,'2026-05-14'),('client',18,'2026-05-15'),('client',18,'2026-05-27'),('client',19,'2026-05-15'),('client',19,'2026-05-16'),('client',19,'2026-05-20'),('client',19,'2026-05-21'),('client',19,'2026-05-22'),('client',19,'2026-05-25'),('client',20,'2026-05-23'),('client',21,'2026-05-28'),('client',22,'2026-05-21'),('hall',2,'2026-05-15'),('hall',2,'2026-05-16'),('hall',2,'2026-05-20'),('hall',2,'2026-05-21'),('hall',2,'2026-05-22'),('hall',2,'2026-05-23'),('hall',2,'2026-05-25'),('hall',5,'2026-05-14'),('hall',5,'2026-05-15'),('hall',5,'2026-05-20'),('hall',5,'2026-05-21'),('hall',5,'2026-05-22'),('hall',5,'2026-05-25'),('hall',5,'2026-05-27'),('hall',5,'2026-05-28'),('hall',5,'2026-05-31'),('photographer',3,'2026-05-23'),('photographer',5,'2026-05-15'),('photographer',5,'2026-05-25'),('photographer',6,'2026-05-15'),('photographer',6,'2026-05-16'),('photographer',6,'2026-05-22'),('photographer',7,'2026-05-14'),('photographer',7,'2026-05-15'),('photographer',7,'2026-05-20'),('photographer',7,'2026-05-31'),('photographer',8,'2026-05-16'),('photographer',8,'2026-05-21'),('photographer',8,'2026-05-25'),('photographer',9,'2026-05-28'),('photographer',10,'2026-05-15'),('photographer',10,'2026-05-20'),('photographer',10,'2026-05-21'),('photographer',10,'2026-05-22'),('photographer',11,'2026-05-27');
/*!40000 ALTER TABLE `booking_resource_locks` ENABLE KEYS */;
UNLOCK TABLES;

--
-- Table structure for table `booking_services`
--

DROP TABLE IF EXISTS `booking_services`;
/*!40101 SET @saved_cs_client     = @@character_set_client */;
/*!50503 SET character_set_client = utf8mb4 */;
CREATE TABLE `booking_services` (
  `id` bigint unsigned NOT NULL AUTO_INCREMENT,
  `booking_id` bigint unsigned NOT NULL,
  `service_id` bigint unsigned NOT NULL,
  `quantity` int DEFAULT '1',
  `price_at_moment` decimal(10,2) NOT NULL,
  PRIMARY KEY (`id`),
  KEY `idx_booking_services_booking` (`booking_id`),
  KEY `idx_booking_services_service` (`service_id`),
  CONSTRAINT `fk_booking_services_booking` FOREIGN KEY (`booking_id`) REFERENCES `bookings` (`id`) ON DELETE CASCADE ON UPDATE CASCADE,
  CONSTRAINT `fk_booking_services_service` FOREIGN KEY (`service_id`) REFERENCES `services` (`id`) ON DELETE RESTRICT ON UPDATE CASCADE
) ENGINE=InnoDB AUTO_INCREMENT=218 DEFAULT CHARSET=utf8mb4 COLLATE=utf8mb4_unicode_ci;
/*!40101 SET character_set_client = @saved_cs_client */;

--
-- Dumping data for table `booking_services`
--

LOCK TABLES `booking_services` WRITE;
/*!40000 ALTER TABLE `booking_services` DISABLE KEYS */;
INSERT INTO `booking_services` VALUES (22,17,17,1,2800.00),(40,28,16,1,10000.00),(41,29,20,1,1000.00),(45,31,34,1,4500.00),(46,31,35,1,400.00),(47,31,36,1,800.00),(48,31,24,1,1000.00),(49,32,1,1,5000.00),(53,36,9,1,2500.00),(68,49,16,1,10000.00),(69,49,25,1,1000.00),(70,49,22,1,2500.00),(71,50,11,1,2500.00),(73,52,38,1,2900.00),(74,53,37,1,1200.00),(75,54,13,1,2500.00),(77,196,31,1,3500.00),(78,197,16,1,10000.00),(79,198,13,1,2500.00),(80,199,38,1,3000.00),(81,200,38,1,3000.00),(82,201,38,1,3000.00),(83,202,30,1,3200.00),(84,203,30,1,3200.00),(85,204,2,1,2500.00),(86,205,39,1,4000.00),(87,206,38,1,3000.00),(88,207,1,1,5100.00),(89,208,39,1,4000.00),(90,209,16,1,10000.00),(91,210,11,1,2500.00),(92,211,16,1,10000.00),(93,212,18,1,2000.00),(94,213,11,1,2500.00),(95,214,17,1,2800.00),(96,215,16,1,10000.00),(97,216,31,1,3500.00),(98,217,11,1,2500.00),(99,218,13,1,2500.00),(100,219,31,1,3500.00),(101,220,38,1,3000.00),(102,221,39,1,4000.00),(103,222,31,1,3500.00),(104,223,30,1,3200.00),(105,224,17,1,2800.00),(106,225,39,1,4000.00),(107,226,1,1,5100.00),(108,227,18,1,2000.00),(109,228,9,1,2800.00),(110,229,9,1,2800.00),(111,230,31,1,3500.00),(112,231,2,1,2500.00),(113,232,37,1,1200.00),(114,233,16,1,10000.00),(115,234,31,1,3500.00),(116,235,17,1,2800.00),(117,236,18,1,2000.00),(118,237,11,1,2500.00),(119,238,1,1,5100.00),(120,239,38,1,3000.00),(121,240,31,1,3500.00),(122,241,2,1,2500.00),(123,242,11,1,2500.00),(124,243,9,1,2800.00),(125,244,38,1,3000.00),(126,245,18,1,2000.00),(127,246,1,1,5100.00),(128,247,31,1,3500.00),(129,248,39,1,4000.00),(130,249,30,1,3200.00),(131,250,1,1,5100.00),(132,251,39,1,4000.00),(133,252,17,1,2800.00),(134,253,17,1,2800.00),(135,254,39,1,4000.00),(136,255,38,1,3000.00),(137,256,37,1,1200.00),(138,257,31,1,3500.00),(139,258,17,1,2800.00),(140,259,11,1,2500.00),(141,260,38,1,3000.00),(142,261,9,1,2800.00),(143,262,31,1,3500.00),(144,263,31,1,3500.00),(145,264,31,1,3500.00),(146,265,37,1,1200.00),(147,266,16,1,10000.00),(148,267,18,1,2000.00),(149,268,11,1,2500.00),(150,269,9,1,2800.00),(151,270,11,1,2500.00),(152,271,11,1,2500.00),(153,272,38,1,3000.00),(154,273,18,1,2000.00),(155,274,31,1,3500.00),(156,275,38,1,3000.00),(157,276,17,1,2800.00),(158,277,18,1,2000.00),(159,278,37,1,1200.00),(160,279,16,1,10000.00),(161,280,11,1,2500.00),(162,281,31,1,3500.00),(163,282,39,1,4000.00),(164,283,39,1,4000.00),(165,284,31,1,3500.00),(166,285,16,1,10000.00),(167,286,31,1,3500.00),(168,287,11,1,2500.00),(169,288,31,1,3500.00),(170,289,18,1,2000.00),(171,290,1,1,5100.00),(172,291,30,1,3200.00),(173,292,38,1,3000.00),(174,293,1,1,5100.00),(175,294,17,1,2800.00),(176,295,38,1,3000.00),(177,296,18,1,2000.00),(178,297,1,1,5100.00),(179,298,37,1,1200.00),(180,299,2,1,2500.00),(181,300,1,1,5100.00),(182,301,11,1,2500.00),(183,302,39,1,4000.00),(184,303,37,1,1200.00),(185,304,31,1,3500.00),(186,305,11,1,2500.00),(187,306,30,1,3200.00),(188,307,11,1,2500.00),(189,308,31,1,3500.00),(190,309,9,1,2800.00),(191,310,16,1,10000.00),(192,311,11,1,2500.00),(193,312,13,1,2500.00),(194,313,9,1,2800.00),(195,314,38,1,3000.00),(196,315,30,1,3200.00),(197,316,37,1,1200.00),(198,317,17,1,2800.00),(199,318,18,1,2000.00),(200,319,13,1,2500.00),(201,320,39,1,4000.00),(202,321,39,1,4000.00),(203,322,11,1,2500.00),(204,323,30,1,3200.00),(205,324,38,1,3000.00),(206,325,31,1,3500.00),(207,326,31,1,3500.00),(208,327,17,1,2800.00),(209,328,38,1,3000.00),(210,329,16,1,10000.00),(211,330,17,1,2800.00),(212,331,37,1,1200.00),(213,332,16,1,10000.00),(214,333,31,1,3500.00),(215,334,1,1,5100.00),(216,335,37,1,1200.00),(217,336,13,1,2500.00);
/*!40000 ALTER TABLE `booking_services` ENABLE KEYS */;
UNLOCK TABLES;

--
-- Table structure for table `bookings`
--

DROP TABLE IF EXISTS `bookings`;
/*!40101 SET @saved_cs_client     = @@character_set_client */;
/*!50503 SET character_set_client = utf8mb4 */;
CREATE TABLE `bookings` (
  `id` bigint unsigned NOT NULL AUTO_INCREMENT,
  `client_id` bigint unsigned NOT NULL,
  `photographer_id` bigint unsigned DEFAULT NULL,
  `hall_id` bigint unsigned NOT NULL,
  `booking_date` date NOT NULL,
  `start_time` time NOT NULL,
  `end_time` time NOT NULL,
  `status` enum('new','confirmed','paid','completed','cancelled') COLLATE utf8mb4_unicode_ci DEFAULT 'new',
  `prepayment_amount` decimal(10,2) DEFAULT '0.00',
  `total_amount` decimal(10,2) NOT NULL DEFAULT '0.00',
  `comment` text COLLATE utf8mb4_unicode_ci,
  `created_at` timestamp NULL DEFAULT CURRENT_TIMESTAMP,
  PRIMARY KEY (`id`),
  KEY `idx_bookings_date` (`booking_date`),
  KEY `idx_bookings_status` (`status`),
  KEY `idx_bookings_client` (`client_id`),
  KEY `idx_bookings_photographer` (`photographer_id`),
  KEY `idx_bookings_photographer_date_time` (`photographer_id`,`booking_date`,`start_time`,`end_time`),
  KEY `idx_bookings_hall_date_time` (`hall_id`,`booking_date`,`start_time`,`end_time`),
  KEY `idx_bookings_client_date_time` (`client_id`,`booking_date`,`start_time`,`end_time`),
  CONSTRAINT `fk_bookings_client` FOREIGN KEY (`client_id`) REFERENCES `users` (`id`) ON DELETE RESTRICT ON UPDATE CASCADE,
  CONSTRAINT `fk_bookings_hall` FOREIGN KEY (`hall_id`) REFERENCES `halls` (`id`) ON DELETE RESTRICT ON UPDATE CASCADE,
  CONSTRAINT `fk_bookings_photographer` FOREIGN KEY (`photographer_id`) REFERENCES `users` (`id`) ON DELETE SET NULL ON UPDATE CASCADE
) ENGINE=InnoDB AUTO_INCREMENT=337 DEFAULT CHARSET=utf8mb4 COLLATE=utf8mb4_unicode_ci;
/*!40101 SET character_set_client = @saved_cs_client */;

--
-- Dumping data for table `bookings`
--

LOCK TABLES `bookings` WRITE;
/*!40000 ALTER TABLE `bookings` DISABLE KEYS */;
INSERT INTO `bookings` VALUES (17,13,5,2,'2026-05-05','15:00:00','16:00:00','completed',0.00,2800.00,NULL,'2026-05-01 13:10:05'),(28,14,3,2,'2026-05-16','13:00:00','14:00:00','paid',0.00,10000.00,NULL,'2026-05-06 05:30:05'),(29,14,8,5,'2026-05-17','19:00:00','20:00:00','paid',0.00,1000.00,NULL,'2026-05-06 05:36:27'),(31,15,3,1,'2026-05-30','15:30:00','17:30:00','paid',0.00,6700.00,NULL,'2026-05-06 06:14:32'),(32,17,11,1,'2026-05-15','11:00:00','12:00:00','paid',0.00,5000.00,NULL,'2026-05-13 05:45:54'),(36,18,5,2,'2026-05-15','13:00:00','14:00:00','paid',0.00,2500.00,NULL,'2026-05-13 12:07:23'),(49,20,3,2,'2026-05-23','12:00:00','13:00:00','paid',0.00,13500.00,NULL,'2026-05-18 18:00:51'),(50,21,9,5,'2026-05-28','14:00:00','15:00:00','paid',0.00,2500.00,NULL,'2026-05-18 18:03:14'),(52,16,7,5,'2026-05-31','15:30:00','17:00:00','paid',0.00,2900.00,NULL,'2026-05-18 18:13:44'),(53,19,NULL,5,'2026-05-21','13:00:00','14:00:00','paid',0.00,1200.00,NULL,'2026-05-19 13:47:22'),(54,19,8,5,'2026-05-21','09:30:00','11:00:00','paid',0.00,2500.00,NULL,'2026-05-19 18:25:29'),(196,165,6,5,'2026-01-03','16:00:00','17:30:00','paid',3500.00,3500.00,'','2026-01-01 10:00:00'),(197,166,5,5,'2026-04-15','12:30:00','13:30:00','paid',10000.00,10000.00,'','2026-04-03 11:30:00'),(198,167,6,2,'2026-03-11','16:30:00','18:00:00','paid',2500.00,2500.00,'','2026-02-23 14:30:00'),(199,168,6,5,'2026-05-08','13:00:00','14:00:00','paid',3000.00,3000.00,'','2026-04-25 06:30:00'),(200,169,11,2,'2026-02-10','13:00:00','14:00:00','paid',3000.00,3000.00,'','2026-02-06 11:30:00'),(201,170,3,5,'2026-02-26','13:30:00','14:30:00','paid',3000.00,3000.00,'','2026-02-22 11:30:00'),(202,171,5,5,'2026-03-27','12:00:00','14:00:00','paid',3200.00,3200.00,'','2026-03-18 13:00:00'),(203,172,8,2,'2026-02-18','18:30:00','20:00:00','paid',3200.00,3200.00,'','2026-02-09 11:30:00'),(204,173,8,6,'2026-01-05','13:00:00','14:30:00','paid',2500.00,2500.00,'','2026-01-01 11:30:00'),(205,174,6,6,'2026-05-28','15:30:00','17:00:00','confirmed',0.00,4000.00,'','2026-05-12 09:30:00'),(206,175,6,5,'2026-03-21','18:30:00','19:30:00','paid',3000.00,3000.00,'','2026-03-12 15:00:00'),(207,176,8,6,'2026-02-09','12:30:00','14:00:00','paid',5100.00,5100.00,'','2026-02-07 12:30:00'),(208,177,6,6,'2026-05-02','13:30:00','15:30:00','paid',4000.00,4000.00,'','2026-04-27 11:30:00'),(209,178,8,5,'2026-04-30','18:30:00','20:00:00','paid',10000.00,10000.00,'','2026-04-24 12:00:00'),(210,179,10,5,'2026-05-29','13:30:00','15:30:00','confirmed',0.00,2500.00,'','2026-05-23 14:00:00'),(211,180,5,5,'2026-04-03','16:30:00','18:00:00','paid',10000.00,10000.00,'','2026-03-31 08:30:00'),(212,181,5,2,'2026-01-17','12:00:00','13:00:00','paid',2000.00,2000.00,'','2026-01-02 12:00:00'),(213,182,5,6,'2026-04-23','16:30:00','17:30:00','paid',2500.00,2500.00,'','2026-04-13 08:30:00'),(214,183,8,2,'2026-02-23','18:00:00','19:30:00','paid',2800.00,2800.00,'','2026-02-14 13:30:00'),(215,184,5,6,'2026-01-19','11:30:00','13:00:00','paid',10000.00,10000.00,'','2026-01-08 15:30:00'),(216,185,3,2,'2026-05-28','17:30:00','19:00:00','confirmed',0.00,3500.00,'','2026-05-22 10:00:00'),(217,186,6,6,'2026-02-12','12:30:00','14:00:00','paid',2500.00,2500.00,'','2026-02-01 09:30:00'),(218,187,6,6,'2026-05-05','14:00:00','15:00:00','paid',2500.00,2500.00,'','2026-04-21 06:30:00'),(219,188,11,6,'2026-05-04','17:30:00','19:00:00','paid',3500.00,3500.00,'','2026-05-04 07:30:00'),(220,189,6,5,'2026-01-03','10:30:00','12:00:00','paid',3000.00,3000.00,'','2026-01-01 08:30:00'),(221,190,7,2,'2026-01-09','12:00:00','13:00:00','paid',4000.00,4000.00,'','2026-01-01 15:00:00'),(222,191,9,5,'2026-03-04','16:30:00','18:00:00','paid',3500.00,3500.00,'','2026-02-21 15:30:00'),(223,192,3,2,'2026-01-18','14:30:00','16:30:00','paid',3200.00,3200.00,'','2026-01-05 07:00:00'),(224,193,6,5,'2026-04-06','13:00:00','14:30:00','paid',2800.00,2800.00,'','2026-03-24 07:00:00'),(225,194,8,2,'2026-05-14','10:00:00','11:00:00','paid',4000.00,4000.00,'','2026-05-05 09:00:00'),(226,195,9,5,'2026-03-16','11:00:00','12:00:00','paid',5100.00,5100.00,'','2026-03-03 11:30:00'),(227,196,10,2,'2026-01-03','11:00:00','12:00:00','paid',2000.00,2000.00,'','2026-01-01 07:30:00'),(228,197,3,2,'2026-02-12','12:00:00','13:00:00','paid',2800.00,2800.00,'','2026-02-01 14:00:00'),(229,198,9,5,'2026-03-03','18:00:00','19:00:00','paid',2800.00,2800.00,'','2026-03-01 09:00:00'),(230,199,8,5,'2026-02-14','09:00:00','10:30:00','paid',3500.00,3500.00,'','2026-01-31 08:30:00'),(231,200,3,6,'2026-05-27','13:00:00','14:30:00','confirmed',0.00,2500.00,'','2026-05-23 14:30:00'),(232,201,3,6,'2026-04-06','10:30:00','14:30:00','paid',1200.00,1200.00,'','2026-03-21 10:30:00'),(233,202,10,5,'2026-05-21','12:30:00','16:30:00','paid',10000.00,10000.00,'','2026-05-09 10:30:00'),(234,203,11,5,'2026-04-13','13:00:00','15:00:00','paid',3500.00,3500.00,'','2026-03-30 11:30:00'),(235,204,7,2,'2026-04-05','11:00:00','15:00:00','paid',2800.00,2800.00,'','2026-03-20 12:30:00'),(236,205,10,5,'2026-04-28','09:00:00','10:30:00','paid',2000.00,2000.00,'','2026-04-23 11:30:00'),(237,206,5,6,'2026-04-06','12:30:00','16:30:00','paid',2500.00,2500.00,'','2026-04-04 07:30:00'),(238,207,3,5,'2026-01-29','16:30:00','18:00:00','paid',5100.00,5100.00,'','2026-01-16 11:30:00'),(239,208,10,6,'2026-02-06','18:00:00','19:00:00','paid',3000.00,3000.00,'','2026-01-21 09:00:00'),(240,209,5,5,'2026-05-02','13:00:00','14:30:00','paid',3500.00,3500.00,'','2026-05-02 14:30:00'),(241,210,9,6,'2026-02-18','14:30:00','16:30:00','paid',2500.00,2500.00,'','2026-02-16 10:30:00'),(242,211,5,6,'2026-01-21','14:30:00','15:30:00','paid',2500.00,2500.00,'','2026-01-07 14:30:00'),(243,212,5,5,'2026-01-01','12:30:00','13:30:00','paid',2800.00,2800.00,'','2026-01-01 11:00:00'),(244,213,10,2,'2026-05-24','16:00:00','17:30:00','confirmed',0.00,3000.00,'','2026-05-22 07:00:00'),(245,214,5,5,'2026-01-09','12:30:00','13:30:00','paid',2000.00,2000.00,'','2026-01-06 08:30:00'),(246,215,5,2,'2026-05-06','14:00:00','15:00:00','paid',5100.00,5100.00,'','2026-04-26 09:30:00'),(247,216,9,6,'2026-02-26','12:00:00','13:30:00','paid',3500.00,3500.00,'','2026-02-23 07:30:00'),(248,217,5,2,'2026-02-21','11:00:00','12:00:00','paid',4000.00,4000.00,'','2026-02-06 10:00:00'),(249,218,3,5,'2026-04-11','15:30:00','17:30:00','paid',3200.00,3200.00,'','2026-04-08 12:30:00'),(250,219,11,6,'2026-03-06','15:00:00','16:00:00','paid',5100.00,5100.00,'','2026-03-03 09:00:00'),(251,220,9,2,'2026-02-11','09:30:00','10:30:00','paid',4000.00,4000.00,'','2026-01-31 12:30:00'),(252,221,7,2,'2026-05-25','17:00:00','18:30:00','confirmed',0.00,2800.00,'','2026-05-21 07:30:00'),(253,222,3,2,'2026-04-16','18:30:00','19:30:00','paid',2800.00,2800.00,'','2026-04-15 06:00:00'),(254,223,8,2,'2026-04-21','16:30:00','18:00:00','paid',4000.00,4000.00,'','2026-04-14 10:30:00'),(255,224,10,6,'2026-04-14','18:00:00','19:30:00','paid',3000.00,3000.00,'','2026-04-08 09:00:00'),(256,225,11,2,'2026-02-02','15:00:00','17:00:00','paid',1200.00,1200.00,'','2026-01-20 13:00:00'),(257,226,7,2,'2026-01-12','15:30:00','16:30:00','paid',3500.00,3500.00,'','2026-01-04 07:30:00'),(258,227,9,2,'2026-01-21','12:00:00','13:30:00','paid',2800.00,2800.00,'','2026-01-07 13:00:00'),(259,228,5,2,'2026-01-08','10:00:00','11:00:00','paid',2500.00,2500.00,'','2026-01-01 11:30:00'),(260,229,3,6,'2026-05-18','15:00:00','16:00:00','paid',3000.00,3000.00,'','2026-05-06 12:00:00'),(261,230,6,2,'2026-04-17','18:30:00','20:00:00','paid',2800.00,2800.00,'','2026-04-12 06:30:00'),(262,231,3,6,'2026-04-23','15:00:00','19:00:00','paid',3500.00,3500.00,'','2026-04-07 08:30:00'),(263,232,5,2,'2026-01-03','11:30:00','15:30:00','paid',3500.00,3500.00,'','2026-01-01 07:00:00'),(264,233,7,5,'2026-02-11','10:30:00','11:30:00','paid',3500.00,3500.00,'','2026-02-05 08:00:00'),(265,234,10,5,'2026-04-28','10:30:00','12:00:00','paid',1200.00,1200.00,'','2026-04-22 11:00:00'),(266,235,8,5,'2026-03-04','17:00:00','18:00:00','paid',10000.00,10000.00,'','2026-02-17 13:30:00'),(267,236,11,2,'2026-04-02','10:00:00','11:00:00','paid',2000.00,2000.00,'','2026-04-01 10:00:00'),(268,237,3,2,'2026-05-07','14:30:00','16:30:00','paid',2500.00,2500.00,'','2026-05-07 08:30:00'),(269,238,5,6,'2026-04-05','18:00:00','19:00:00','paid',2800.00,2800.00,'','2026-03-31 12:30:00'),(270,239,3,5,'2026-03-23','17:00:00','18:30:00','paid',2500.00,2500.00,'','2026-03-20 13:00:00'),(271,240,3,6,'2026-04-17','14:30:00','16:00:00','paid',2500.00,2500.00,'','2026-04-05 12:30:00'),(272,241,8,2,'2026-04-07','09:30:00','10:30:00','paid',3000.00,3000.00,'','2026-04-02 12:00:00'),(273,242,7,2,'2026-02-27','17:30:00','18:30:00','paid',2000.00,2000.00,'','2026-02-18 09:30:00'),(274,243,9,6,'2026-04-29','17:30:00','18:30:00','paid',3500.00,3500.00,'','2026-04-16 10:30:00'),(275,244,8,5,'2026-02-14','14:30:00','15:30:00','paid',3000.00,3000.00,'','2026-01-30 13:00:00'),(276,245,7,5,'2026-02-16','13:30:00','14:30:00','paid',2800.00,2800.00,'','2026-02-15 07:00:00'),(277,246,10,6,'2026-02-27','15:00:00','16:00:00','paid',2000.00,2000.00,'','2026-02-26 13:30:00'),(278,247,11,5,'2026-05-22','18:00:00','20:00:00','paid',1200.00,1200.00,'','2026-05-22 08:30:00'),(279,248,11,2,'2026-02-23','12:30:00','13:30:00','paid',10000.00,10000.00,'','2026-02-08 11:30:00'),(280,249,10,6,'2026-01-04','15:00:00','16:00:00','paid',2500.00,2500.00,'','2026-01-01 15:00:00'),(281,250,8,5,'2026-01-17','15:00:00','16:30:00','paid',3500.00,3500.00,'','2026-01-15 08:30:00'),(282,251,3,2,'2026-01-03','12:00:00','13:00:00','paid',4000.00,4000.00,'','2026-01-01 10:00:00'),(283,252,6,5,'2026-03-05','14:00:00','15:30:00','paid',4000.00,4000.00,'','2026-03-05 14:30:00'),(284,253,10,6,'2026-02-27','11:00:00','13:00:00','paid',3500.00,3500.00,'','2026-02-13 08:00:00'),(285,254,6,6,'2026-02-19','09:30:00','11:00:00','paid',10000.00,10000.00,'','2026-02-05 12:30:00'),(286,255,10,6,'2026-03-16','15:30:00','17:00:00','paid',3500.00,3500.00,'','2026-03-02 11:00:00'),(287,256,5,5,'2026-03-03','11:00:00','12:00:00','paid',2500.00,2500.00,'','2026-02-27 15:30:00'),(288,257,6,5,'2026-03-28','09:30:00','10:30:00','paid',3500.00,3500.00,'','2026-03-19 14:00:00'),(289,258,11,5,'2026-05-15','17:30:00','19:00:00','paid',2000.00,2000.00,'','2026-05-04 10:00:00'),(290,259,9,6,'2026-01-14','15:00:00','16:30:00','paid',5100.00,5100.00,'','2026-01-01 08:30:00'),(291,260,6,5,'2026-02-05','17:00:00','18:00:00','paid',3200.00,3200.00,'','2026-01-26 10:00:00'),(292,261,5,6,'2026-05-16','13:30:00','14:30:00','paid',3000.00,3000.00,'','2026-05-07 11:00:00'),(293,262,5,2,'2026-02-17','15:30:00','17:00:00','paid',5100.00,5100.00,'','2026-02-01 15:00:00'),(294,263,3,5,'2026-05-01','15:00:00','16:30:00','paid',2800.00,2800.00,'','2026-05-01 08:30:00'),(295,264,7,5,'2026-02-07','16:00:00','17:00:00','paid',3000.00,3000.00,'','2026-02-01 15:00:00'),(296,265,11,6,'2026-03-22','19:00:00','20:00:00','paid',2000.00,2000.00,'','2026-03-18 11:00:00'),(297,266,9,6,'2026-01-12','15:30:00','17:00:00','paid',5100.00,5100.00,'','2026-01-01 08:00:00'),(298,267,8,2,'2026-05-08','13:00:00','14:00:00','paid',1200.00,1200.00,'','2026-04-26 14:00:00'),(299,268,3,5,'2026-05-23','14:00:00','16:00:00','paid',2500.00,2500.00,'','2026-05-22 13:30:00'),(300,269,9,2,'2026-03-16','10:30:00','11:30:00','paid',5100.00,5100.00,'','2026-03-16 11:30:00'),(301,270,6,6,'2026-02-20','10:30:00','12:00:00','paid',2500.00,2500.00,'','2026-02-12 12:00:00'),(302,271,8,5,'2026-03-24','11:30:00','12:30:00','paid',4000.00,4000.00,'','2026-03-09 10:30:00'),(303,272,11,6,'2026-04-15','15:30:00','19:30:00','paid',1200.00,1200.00,'','2026-04-05 06:30:00'),(304,273,11,5,'2026-02-08','10:30:00','12:30:00','paid',3500.00,3500.00,'','2026-01-25 07:00:00'),(305,274,9,5,'2026-02-04','10:30:00','12:00:00','paid',2500.00,2500.00,'','2026-01-23 13:30:00'),(306,275,9,5,'2026-01-21','16:30:00','17:30:00','paid',3200.00,3200.00,'','2026-01-13 13:00:00'),(307,276,11,6,'2026-05-15','13:00:00','14:00:00','paid',2500.00,2500.00,'','2026-04-28 08:30:00'),(308,277,11,2,'2026-03-01','14:30:00','16:00:00','paid',3500.00,3500.00,'','2026-03-01 07:30:00'),(309,278,9,6,'2026-04-12','09:30:00','11:00:00','paid',2800.00,2800.00,'','2026-04-02 08:00:00'),(310,279,8,2,'2026-02-22','18:00:00','19:30:00','paid',10000.00,10000.00,'','2026-02-12 13:30:00'),(311,280,10,5,'2026-02-21','18:30:00','19:30:00','paid',2500.00,2500.00,'','2026-02-18 13:00:00'),(312,281,5,5,'2026-03-08','09:00:00','10:30:00','paid',2500.00,2500.00,'','2026-03-06 14:30:00'),(313,282,10,5,'2026-02-22','13:00:00','14:30:00','paid',2800.00,2800.00,'','2026-02-13 11:00:00'),(314,283,6,2,'2026-04-25','18:00:00','19:00:00','paid',3000.00,3000.00,'','2026-04-22 13:00:00'),(315,284,10,6,'2026-04-17','09:00:00','10:30:00','paid',3200.00,3200.00,'','2026-04-17 09:30:00'),(316,285,10,6,'2026-03-25','10:00:00','11:30:00','paid',1200.00,1200.00,'','2026-03-16 13:00:00'),(317,286,8,6,'2026-02-03','12:00:00','14:00:00','paid',2800.00,2800.00,'','2026-02-02 10:30:00'),(318,287,10,2,'2026-02-26','10:00:00','11:30:00','paid',2000.00,2000.00,'','2026-02-18 15:30:00'),(319,288,9,5,'2026-01-30','10:00:00','11:30:00','paid',2500.00,2500.00,'','2026-01-23 10:30:00'),(320,289,3,2,'2026-02-09','10:00:00','11:00:00','paid',4000.00,4000.00,'','2026-01-26 10:00:00'),(321,290,10,5,'2026-05-29','15:30:00','16:30:00','confirmed',0.00,4000.00,'','2026-05-15 13:00:00'),(322,291,3,2,'2026-02-14','16:30:00','17:30:00','paid',2500.00,2500.00,'','2026-02-07 08:00:00'),(323,292,9,2,'2026-01-20','12:30:00','14:00:00','paid',3200.00,3200.00,'','2026-01-07 08:00:00'),(324,293,6,5,'2026-04-17','10:30:00','11:30:00','paid',3000.00,3000.00,'','2026-04-17 10:30:00'),(325,294,8,6,'2026-04-21','15:30:00','17:00:00','paid',3500.00,3500.00,'','2026-04-10 14:00:00'),(326,295,5,5,'2026-03-31','17:30:00','18:30:00','paid',3500.00,3500.00,'','2026-03-18 08:30:00'),(327,296,8,2,'2026-01-08','18:00:00','19:00:00','paid',2800.00,2800.00,'','2026-01-05 15:00:00'),(328,297,7,2,'2026-03-20','10:30:00','11:30:00','paid',3000.00,3000.00,'','2026-03-11 07:00:00'),(329,298,10,5,'2026-03-20','11:00:00','15:00:00','paid',10000.00,10000.00,'','2026-03-08 07:00:00'),(330,299,6,2,'2026-05-09','14:00:00','15:30:00','paid',2800.00,2800.00,'','2026-04-23 09:00:00'),(331,300,9,5,'2026-03-27','15:30:00','17:00:00','paid',1200.00,1200.00,'','2026-03-24 12:00:00'),(332,301,11,5,'2026-01-15','17:00:00','18:00:00','paid',10000.00,10000.00,'','2026-01-09 11:30:00'),(333,302,3,6,'2026-03-24','11:00:00','12:00:00','paid',3500.00,3500.00,'','2026-03-22 15:30:00'),(334,303,5,5,'2026-02-02','13:00:00','14:30:00','paid',5100.00,5100.00,'','2026-01-16 11:00:00'),(335,304,11,2,'2026-05-21','10:30:00','12:00:00','paid',1200.00,1200.00,'','2026-05-09 09:00:00'),(336,19,5,5,'2026-05-25','14:00:00','15:30:00','confirmed',0.00,2500.00,NULL,'2026-05-23 15:50:08');
/*!40000 ALTER TABLE `bookings` ENABLE KEYS */;
UNLOCK TABLES;

--
-- Table structure for table `callback_requests`
--

DROP TABLE IF EXISTS `callback_requests`;
/*!40101 SET @saved_cs_client     = @@character_set_client */;
/*!50503 SET character_set_client = utf8mb4 */;
CREATE TABLE `callback_requests` (
  `id` bigint unsigned NOT NULL AUTO_INCREMENT,
  `callback_name` varchar(100) COLLATE utf8mb4_unicode_ci NOT NULL,
  `callback_phone` varchar(30) COLLATE utf8mb4_unicode_ci NOT NULL,
  `created_at` timestamp NULL DEFAULT CURRENT_TIMESTAMP,
  `status` varchar(30) COLLATE utf8mb4_unicode_ci NOT NULL DEFAULT 'new',
  `processed_at` timestamp NULL DEFAULT NULL,
  PRIMARY KEY (`id`)
) ENGINE=InnoDB AUTO_INCREMENT=13 DEFAULT CHARSET=utf8mb4 COLLATE=utf8mb4_unicode_ci;
/*!40101 SET character_set_client = @saved_cs_client */;

--
-- Dumping data for table `callback_requests`
--

LOCK TABLES `callback_requests` WRITE;
/*!40000 ALTER TABLE `callback_requests` DISABLE KEYS */;
INSERT INTO `callback_requests` VALUES (7,'Anny Klob','0502046918','2026-05-01 10:53:57','processed','2026-05-01 10:58:58'),(12,'Марія Коваль','0504188621','2026-05-06 05:38:35','processed','2026-05-23 14:27:26');
/*!40000 ALTER TABLE `callback_requests` ENABLE KEYS */;
UNLOCK TABLES;

--
-- Table structure for table `halls`
--

DROP TABLE IF EXISTS `halls`;
/*!40101 SET @saved_cs_client     = @@character_set_client */;
/*!50503 SET character_set_client = utf8mb4 */;
CREATE TABLE `halls` (
  `id` bigint unsigned NOT NULL AUTO_INCREMENT,
  `name` varchar(100) COLLATE utf8mb4_unicode_ci NOT NULL,
  `description` text COLLATE utf8mb4_unicode_ci,
  `capacity` int DEFAULT NULL,
  `price_per_hour` decimal(10,2) NOT NULL,
  `status` enum('available','unavailable','repair') COLLATE utf8mb4_unicode_ci DEFAULT 'available',
  `created_at` timestamp NULL DEFAULT CURRENT_TIMESTAMP,
  PRIMARY KEY (`id`)
) ENGINE=InnoDB AUTO_INCREMENT=7 DEFAULT CHARSET=utf8mb4 COLLATE=utf8mb4_unicode_ci;
/*!40101 SET character_set_client = @saved_cs_client */;

--
-- Dumping data for table `halls`
--

LOCK TABLES `halls` WRITE;
/*!40000 ALTER TABLE `halls` DISABLE KEYS */;
INSERT INTO `halls` VALUES (1,'Без залу / виїзна зйомка','Автоматично додано із заявки сайту',10,0.00,'available','2026-04-30 15:13:28'),(2,'Світлий зал','Автоматично додано із заявки сайту',10,0.00,'available','2026-04-30 16:07:27'),(5,'Темний зал','Автоматично додано із заявки сайту',10,0.00,'available','2026-04-30 16:40:18'),(6,'Водний зал','Зал для фотозйомок з водою',10,0.00,'available','2026-05-23 13:38:37');
/*!40000 ALTER TABLE `halls` ENABLE KEYS */;
UNLOCK TABLES;

--
-- Table structure for table `payments`
--

DROP TABLE IF EXISTS `payments`;
/*!40101 SET @saved_cs_client     = @@character_set_client */;
/*!50503 SET character_set_client = utf8mb4 */;
CREATE TABLE `payments` (
  `id` bigint unsigned NOT NULL AUTO_INCREMENT,
  `booking_id` bigint unsigned NOT NULL,
  `amount` decimal(10,2) NOT NULL,
  `payment_method` enum('cash','card','bank_transfer','online') COLLATE utf8mb4_unicode_ci NOT NULL,
  `payment_status` enum('pending','paid','failed','refunded') COLLATE utf8mb4_unicode_ci DEFAULT 'pending',
  `payment_date` timestamp NULL DEFAULT CURRENT_TIMESTAMP,
  PRIMARY KEY (`id`),
  KEY `idx_payments_booking` (`booking_id`),
  CONSTRAINT `fk_payments_booking` FOREIGN KEY (`booking_id`) REFERENCES `bookings` (`id`) ON DELETE CASCADE ON UPDATE CASCADE
) ENGINE=InnoDB AUTO_INCREMENT=403 DEFAULT CHARSET=utf8mb4 COLLATE=utf8mb4_unicode_ci;
/*!40101 SET character_set_client = @saved_cs_client */;

--
-- Dumping data for table `payments`
--

LOCK TABLES `payments` WRITE;
/*!40000 ALTER TABLE `payments` DISABLE KEYS */;
INSERT INTO `payments` VALUES (4,52,2900.00,'cash','paid','2026-05-18 18:25:32'),(5,50,2500.00,'cash','paid','2026-05-18 18:25:57'),(6,49,13500.00,'cash','paid','2026-05-18 18:26:20'),(7,36,2500.00,'cash','paid','2026-05-18 18:26:38'),(8,32,5000.00,'cash','paid','2026-05-18 18:26:43'),(9,31,6700.00,'cash','paid','2026-05-18 18:26:51'),(10,29,1000.00,'cash','paid','2026-05-18 18:27:01'),(11,28,10000.00,'cash','paid','2026-05-18 18:27:06'),(12,17,2800.00,'cash','paid','2026-05-18 18:27:13'),(13,54,2500.00,'cash','paid','2026-05-23 14:27:08'),(14,53,1200.00,'cash','paid','2026-05-23 14:30:33'),(270,243,2800.00,'cash','pending','2026-01-01 10:00:00'),(271,282,4000.00,'cash','pending','2026-01-01 10:30:00'),(272,196,3500.00,'cash','pending','2026-01-01 11:30:00'),(273,220,3000.00,'cash','pending','2026-01-03 08:00:00'),(274,263,3500.00,'cash','pending','2026-01-03 14:30:00'),(275,227,2000.00,'cash','pending','2026-01-03 12:00:00'),(276,280,2500.00,'cash','pending','2026-01-03 13:30:00'),(277,204,2500.00,'cash','pending','2026-01-05 15:30:00'),(278,327,2800.00,'cash','pending','2026-01-06 09:00:00'),(279,259,2500.00,'cash','pending','2026-01-08 14:30:00'),(280,245,2000.00,'cash','pending','2026-01-06 08:00:00'),(281,221,4000.00,'cash','pending','2026-01-06 09:00:00'),(282,297,5100.00,'cash','pending','2026-01-11 13:30:00'),(283,257,3500.00,'cash','pending','2026-01-09 10:00:00'),(284,290,5100.00,'cash','pending','2026-01-14 15:00:00'),(285,332,10000.00,'cash','pending','2026-01-15 13:30:00'),(286,281,3500.00,'cash','pending','2026-01-17 11:00:00'),(287,212,2000.00,'cash','pending','2026-01-15 10:00:00'),(288,223,3200.00,'cash','pending','2026-01-17 07:00:00'),(289,215,10000.00,'cash','pending','2026-01-18 13:30:00'),(290,323,3200.00,'cash','pending','2026-01-17 12:30:00'),(291,242,2500.00,'cash','pending','2026-01-20 15:30:00'),(292,306,3200.00,'cash','pending','2026-01-21 15:00:00'),(293,258,2800.00,'cash','pending','2026-01-20 12:00:00'),(294,238,5100.00,'cash','pending','2026-01-27 08:30:00'),(295,319,2500.00,'cash','pending','2026-01-27 11:30:00'),(296,334,5100.00,'cash','pending','2026-02-02 11:30:00'),(297,256,1200.00,'cash','pending','2026-01-31 14:00:00'),(298,317,2800.00,'cash','pending','2026-02-02 15:30:00'),(299,305,2500.00,'cash','pending','2026-02-01 13:30:00'),(300,291,3200.00,'cash','pending','2026-02-03 08:30:00'),(301,239,3000.00,'cash','pending','2026-02-04 14:00:00'),(302,295,3000.00,'cash','pending','2026-02-07 10:30:00'),(303,304,3500.00,'cash','pending','2026-02-06 11:00:00'),(304,320,4000.00,'cash','pending','2026-02-08 10:30:00'),(305,207,5100.00,'cash','pending','2026-02-06 08:00:00'),(306,200,3000.00,'cash','pending','2026-02-10 15:30:00'),(307,264,3500.00,'cash','pending','2026-02-09 12:30:00'),(308,251,4000.00,'cash','pending','2026-02-09 14:30:00'),(309,228,2800.00,'cash','pending','2026-02-11 07:30:00'),(310,217,2500.00,'cash','pending','2026-02-11 08:00:00'),(311,230,3500.00,'cash','pending','2026-02-11 09:00:00'),(312,275,3000.00,'cash','pending','2026-02-11 08:00:00'),(313,322,2500.00,'cash','pending','2026-02-11 10:30:00'),(314,276,2800.00,'cash','pending','2026-02-13 10:00:00'),(315,293,5100.00,'cash','pending','2026-02-15 12:00:00'),(316,241,2500.00,'cash','pending','2026-02-15 11:00:00'),(317,203,3200.00,'cash','pending','2026-02-18 11:00:00'),(318,285,10000.00,'cash','pending','2026-02-18 12:00:00'),(319,301,2500.00,'cash','pending','2026-02-18 11:30:00'),(320,311,2500.00,'cash','pending','2026-02-19 15:30:00'),(321,248,4000.00,'cash','pending','2026-02-20 08:30:00'),(322,310,10000.00,'cash','pending','2026-02-20 10:30:00'),(323,313,2800.00,'cash','pending','2026-02-21 08:30:00'),(324,279,10000.00,'cash','pending','2026-02-20 10:00:00'),(325,214,2800.00,'cash','pending','2026-02-22 12:00:00'),(326,318,2000.00,'cash','pending','2026-02-26 08:00:00'),(327,201,3000.00,'cash','pending','2026-02-25 11:30:00'),(328,247,3500.00,'cash','pending','2026-02-23 12:00:00'),(329,277,2000.00,'cash','pending','2026-02-25 07:00:00'),(330,273,2000.00,'cash','pending','2026-02-26 14:00:00'),(331,284,3500.00,'cash','pending','2026-02-25 15:30:00'),(332,308,3500.00,'cash','pending','2026-02-27 15:30:00'),(333,287,2500.00,'cash','pending','2026-02-28 07:30:00'),(334,229,2800.00,'cash','pending','2026-03-01 15:00:00'),(335,222,3500.00,'cash','pending','2026-03-02 14:00:00'),(336,266,10000.00,'cash','pending','2026-03-04 08:30:00'),(337,283,4000.00,'cash','pending','2026-03-05 11:30:00'),(338,250,5100.00,'cash','pending','2026-03-04 15:30:00'),(339,312,2500.00,'cash','pending','2026-03-08 10:00:00'),(340,198,2500.00,'cash','pending','2026-03-11 11:30:00'),(341,226,5100.00,'cash','pending','2026-03-13 08:00:00'),(342,300,5100.00,'cash','pending','2026-03-14 15:30:00'),(343,286,3500.00,'cash','pending','2026-03-16 07:30:00'),(344,329,10000.00,'cash','pending','2026-03-18 08:00:00'),(345,328,3000.00,'cash','pending','2026-03-19 12:00:00'),(346,206,3000.00,'cash','pending','2026-03-21 13:00:00'),(347,296,2000.00,'cash','pending','2026-03-20 07:30:00'),(348,270,2500.00,'cash','pending','2026-03-23 10:00:00'),(349,333,3500.00,'cash','pending','2026-03-22 11:00:00'),(350,302,4000.00,'cash','pending','2026-03-22 07:00:00'),(351,316,1200.00,'cash','pending','2026-03-22 13:00:00'),(352,202,3200.00,'cash','pending','2026-03-26 12:00:00'),(353,331,1200.00,'cash','pending','2026-03-27 14:00:00'),(354,288,3500.00,'cash','pending','2026-03-27 08:00:00'),(355,326,3500.00,'cash','pending','2026-03-28 11:00:00'),(356,267,2000.00,'cash','pending','2026-04-02 14:00:00'),(357,211,10000.00,'cash','pending','2026-04-03 10:30:00'),(358,269,2800.00,'cash','pending','2026-04-03 09:30:00'),(359,235,2800.00,'cash','pending','2026-04-02 09:00:00'),(360,232,1200.00,'cash','pending','2026-04-03 13:00:00'),(361,224,2800.00,'cash','pending','2026-04-04 09:30:00'),(362,237,2500.00,'cash','pending','2026-04-04 08:00:00'),(363,272,3000.00,'cash','pending','2026-04-06 14:30:00'),(364,249,3200.00,'cash','pending','2026-04-10 12:00:00'),(365,309,2800.00,'cash','pending','2026-04-11 11:30:00'),(366,234,3500.00,'cash','pending','2026-04-11 08:30:00'),(367,255,3000.00,'cash','pending','2026-04-12 07:00:00'),(368,197,10000.00,'cash','pending','2026-04-12 08:30:00'),(369,303,1200.00,'cash','pending','2026-04-14 08:00:00'),(370,253,2800.00,'cash','pending','2026-04-14 13:30:00'),(371,271,2500.00,'cash','pending','2026-04-15 07:00:00'),(372,315,3200.00,'cash','pending','2026-04-14 13:30:00'),(373,261,2800.00,'cash','pending','2026-04-16 07:30:00'),(374,324,3000.00,'cash','pending','2026-04-17 14:00:00'),(375,325,3500.00,'cash','pending','2026-04-18 14:00:00'),(376,254,4000.00,'cash','pending','2026-04-19 09:30:00'),(377,213,2500.00,'cash','pending','2026-04-20 11:30:00'),(378,262,3500.00,'cash','pending','2026-04-21 11:30:00'),(379,314,3000.00,'cash','pending','2026-04-24 09:30:00'),(380,236,2000.00,'cash','pending','2026-04-27 08:00:00'),(381,265,1200.00,'cash','pending','2026-04-26 14:00:00'),(382,274,3500.00,'cash','pending','2026-04-27 08:00:00'),(383,209,10000.00,'cash','pending','2026-04-29 07:30:00'),(384,294,2800.00,'cash','pending','2026-04-29 07:30:00'),(385,240,3500.00,'cash','pending','2026-04-30 07:30:00'),(386,208,4000.00,'cash','pending','2026-04-29 12:30:00'),(387,219,3500.00,'cash','pending','2026-05-03 09:00:00'),(388,218,2500.00,'cash','pending','2026-05-03 13:00:00'),(389,246,5100.00,'cash','pending','2026-05-06 14:30:00'),(390,268,2500.00,'cash','pending','2026-05-07 08:00:00'),(391,298,1200.00,'cash','pending','2026-05-07 12:30:00'),(392,199,3000.00,'cash','pending','2026-05-07 14:00:00'),(393,330,2800.00,'cash','pending','2026-05-08 08:00:00'),(394,225,4000.00,'cash','pending','2026-05-11 09:00:00'),(395,289,2000.00,'cash','pending','2026-05-15 07:00:00'),(396,307,2500.00,'cash','pending','2026-05-15 07:00:00'),(397,292,3000.00,'cash','pending','2026-05-15 06:30:00'),(398,260,3000.00,'cash','pending','2026-05-17 07:00:00'),(399,233,10000.00,'cash','pending','2026-05-19 11:00:00'),(400,335,1200.00,'cash','pending','2026-05-20 10:00:00'),(401,278,1200.00,'cash','pending','2026-05-21 14:00:00'),(402,299,2500.00,'cash','pending','2026-05-21 10:00:00');
/*!40000 ALTER TABLE `payments` ENABLE KEYS */;
UNLOCK TABLES;

--
-- Table structure for table `photographer_profiles`
--

DROP TABLE IF EXISTS `photographer_profiles`;
/*!40101 SET @saved_cs_client     = @@character_set_client */;
/*!50503 SET character_set_client = utf8mb4 */;
CREATE TABLE `photographer_profiles` (
  `id` bigint unsigned NOT NULL AUTO_INCREMENT,
  `photographer_id` bigint unsigned NOT NULL,
  `experience` varchar(100) COLLATE utf8mb4_unicode_ci DEFAULT NULL,
  `bio` text COLLATE utf8mb4_unicode_ci,
  `image_url` varchar(500) COLLATE utf8mb4_unicode_ci DEFAULT NULL,
  `display_order` int NOT NULL DEFAULT '0',
  `site_visible` tinyint(1) NOT NULL DEFAULT '1',
  `created_at` timestamp NULL DEFAULT CURRENT_TIMESTAMP,
  PRIMARY KEY (`id`),
  UNIQUE KEY `uq_photographer_profiles_photographer_id` (`photographer_id`),
  CONSTRAINT `fk_photographer_profiles_user` FOREIGN KEY (`photographer_id`) REFERENCES `users` (`id`) ON DELETE CASCADE
) ENGINE=InnoDB AUTO_INCREMENT=33 DEFAULT CHARSET=utf8mb4 COLLATE=utf8mb4_unicode_ci;
/*!40101 SET character_set_client = @saved_cs_client */;

--
-- Dumping data for table `photographer_profiles`
--

LOCK TABLES `photographer_profiles` WRITE;
/*!40000 ALTER TABLE `photographer_profiles` DISABLE KEYS */;
INSERT INTO `photographer_profiles` VALUES (1,3,'3 роки досвіду','Працює з портретними, fashion і creative-проєктами. Підходить для клієнтів, яким потрібен виразний, стилізований і візуально сильний результат.','https://i.pinimg.com/736x/23/0f/a8/230fa844785e0ce8699caaf8231595d1.jpg',5,1,'2026-05-13 10:24:36'),(2,5,'5 років досвіду','Працює з індивідуальними та портретними зйомками у студії. Допомагає створити виразний, чистий і сучасний візуальний результат.','https://i.pinimg.com/1200x/af/61/e0/af61e09e6e9635c300f1e7a091c87d8b.jpg',0,1,'2026-05-13 10:24:36'),(3,6,'6 років досвіду','Спеціалізується на сімейних і дитячих зйомках. У кадрі зберігає природність, емоційність і комфорт для всієї родини.','https://i.pinimg.com/1200x/5b/0e/34/5b0e34f51a9b8f9cc91c5e39df5807db.jpg',1,1,'2026-05-13 10:24:36'),(4,7,'7 років досвіду','Працює з весільними історіями, парними фотосесіями та Love Story. Акцент на композиції, емоціях і цілісній візуальній подачі.','https://i.pinimg.com/736x/7d/6c/44/7d6c4441920d1c8e24b2060fdea4fbba.jpg',2,1,'2026-05-13 10:24:36'),(5,8,'5 років досвіду','Проводить делікатні та акуратні зйомки для майбутніх мам і новонароджених. Працює у спокійному форматі з увагою до деталей і безпеки.','https://i.pinimg.com/1200x/ff/85/59/ff85593532c862d04f608d160ac22ce6.jpg',3,1,'2026-05-13 10:24:36'),(6,9,'3 роки досвіду','Працює з брендовим, рекламним і комерційним контентом. Створює матеріали для соцмереж, сайтів, кампаній і digital-комунікації.','https://i.pinimg.com/736x/68/bb/45/68bb45005df3f24cff8240f73a2f4932.jpg',4,1,'2026-05-13 10:24:36'),(7,10,'2 роки досвіду','Спеціалізується на репортажних і виїзних зйомках. Добре працює з подіями, динамікою кадру та живими моментами.','https://i.pinimg.com/1200x/eb/14/9f/eb149fb341d97cd0ffa6b0a4c30cd297.jpg',6,1,'2026-05-13 10:24:36'),(8,11,'4 роки досвіду','Займається предметною та каталожною зйомкою для бізнесу, брендів і маркетплейсів. Формує чистий комерційний кадр із фокусом на продукт.','https://i.pinimg.com/736x/fb/86/6d/fb866d85261dde037298d9038910ecf4.jpg',7,1,'2026-05-13 10:24:36'),(31,24,'2 роки досвіду',NULL,'https://i.pinimg.com/1200x/32/f1/45/32f14545dd814249c8d00519b6c8a1ff.jpg',0,0,'2026-05-23 13:48:57');
/*!40000 ALTER TABLE `photographer_profiles` ENABLE KEYS */;
UNLOCK TABLES;

--
-- Table structure for table `photographer_schedule`
--

DROP TABLE IF EXISTS `photographer_schedule`;
/*!40101 SET @saved_cs_client     = @@character_set_client */;
/*!50503 SET character_set_client = utf8mb4 */;
CREATE TABLE `photographer_schedule` (
  `id` bigint unsigned NOT NULL AUTO_INCREMENT,
  `photographer_id` bigint unsigned NOT NULL,
  `work_date` date NOT NULL,
  `start_time` time DEFAULT NULL,
  `end_time` time DEFAULT NULL,
  `slot_type` enum('working','blocked','break','day_off') COLLATE utf8mb4_unicode_ci DEFAULT 'working',
  `comment` text COLLATE utf8mb4_unicode_ci,
  PRIMARY KEY (`id`),
  KEY `idx_schedule_date` (`work_date`),
  KEY `idx_schedule_photographer_date_time` (`photographer_id`,`work_date`,`start_time`,`end_time`),
  CONSTRAINT `fk_schedule_photographer` FOREIGN KEY (`photographer_id`) REFERENCES `users` (`id`) ON DELETE CASCADE ON UPDATE CASCADE
) ENGINE=InnoDB AUTO_INCREMENT=86 DEFAULT CHARSET=utf8mb4 COLLATE=utf8mb4_unicode_ci;
/*!40101 SET character_set_client = @saved_cs_client */;

--
-- Dumping data for table `photographer_schedule`
--

LOCK TABLES `photographer_schedule` WRITE;
/*!40000 ALTER TABLE `photographer_schedule` DISABLE KEYS */;
INSERT INTO `photographer_schedule` VALUES (1,5,'2026-05-02','09:00:00','18:00:00','working','Робочий день'),(2,5,'2026-05-03','00:00:00','23:59:00','day_off','Вихідний'),(3,5,'2026-05-04','09:00:00','18:00:00','working','Робочий день'),(4,5,'2026-05-05','09:00:00','18:00:00','working','Робочий день'),(5,5,'2026-05-05','13:00:00','14:00:00','break','Обідня перерва'),(6,5,'2026-05-06','10:00:00','19:00:00','working','Робочий день'),(7,5,'2026-05-07','00:00:00','23:59:00','day_off','Вихідний'),(8,5,'2026-05-08','09:00:00','17:00:00','working','Робочий день'),(9,6,'2026-05-02','10:00:00','19:00:00','working','Робочий день'),(10,6,'2026-05-03','10:00:00','18:00:00','working','Робочий день'),(11,6,'2026-05-04','00:00:00','23:59:00','day_off','Вихідний'),(12,6,'2026-05-05','10:00:00','19:00:00','working','Робочий день'),(13,6,'2026-05-06','09:00:00','18:00:00','working','Робочий день'),(14,6,'2026-05-06','14:00:00','15:00:00','break','Обідня перерва'),(15,6,'2026-05-07','10:00:00','19:00:00','working','Робочий день'),(16,6,'2026-05-08','00:00:00','23:59:00','day_off','Вихідний'),(17,7,'2026-05-02','00:00:00','23:59:00','day_off','Вихідний'),(18,7,'2026-05-03','10:00:00','17:00:00','working','Робочий день'),(19,7,'2026-05-04','09:00:00','17:00:00','working','Робочий день'),(20,7,'2026-05-05','09:00:00','17:00:00','working','Робочий день'),(21,7,'2026-05-06','00:00:00','23:59:00','day_off','Вихідний'),(22,7,'2026-05-07','10:00:00','18:00:00','working','Робочий день'),(23,7,'2026-05-07','15:00:00','17:00:00','blocked','Особиста зайнятість'),(24,7,'2026-05-08','09:00:00','17:00:00','working','Робочий день'),(25,8,'2026-05-02','11:00:00','20:00:00','working','Робочий день'),(26,8,'2026-05-03','00:00:00','23:59:00','day_off','Вихідний'),(27,8,'2026-05-04','11:00:00','20:00:00','working','Робочий день'),(28,8,'2026-05-04','15:00:00','16:00:00','break','Перерва'),(29,8,'2026-05-05','12:00:00','20:00:00','working','Робочий день'),(30,8,'2026-05-06','11:00:00','20:00:00','working','Робочий день'),(31,8,'2026-05-07','11:00:00','18:00:00','working','Робочий день'),(32,8,'2026-05-08','00:00:00','23:59:00','day_off','Вихідний'),(33,9,'2026-05-02','09:00:00','17:00:00','working','Робочий день'),(34,9,'2026-05-03','11:00:00','19:00:00','working','Робочий день'),(35,9,'2026-05-04','00:00:00','23:59:00','day_off','Вихідний'),(36,9,'2026-05-05','10:00:00','18:00:00','working','Робочий день'),(37,9,'2026-05-05','13:00:00','14:00:00','break','Обідня перерва'),(38,9,'2026-05-06','10:00:00','18:00:00','working','Робочий день'),(39,9,'2026-05-07','09:00:00','17:00:00','working','Робочий день'),(40,9,'2026-05-08','10:00:00','18:00:00','working','Робочий день'),(41,3,'2026-05-02','10:00:00','18:00:00','working','Робочий день'),(42,3,'2026-05-03','10:00:00','17:00:00','working','Робочий день'),(43,3,'2026-05-04','10:00:00','18:00:00','working','Робочий день'),(44,3,'2026-05-05','00:00:00','23:59:00','day_off','Вихідний'),(45,3,'2026-05-06','10:00:00','18:00:00','working','Робочий день'),(46,3,'2026-05-07','12:00:00','20:00:00','working','Робочий день'),(47,3,'2026-05-08','10:00:00','17:00:00','working','Робочий день'),(48,3,'2026-05-08','12:00:00','14:00:00','blocked','Зайнятий час'),(49,10,'2026-05-02','12:00:00','20:00:00','working','Робочий день'),(50,10,'2026-05-03','12:00:00','20:00:00','working','Робочий день'),(51,10,'2026-05-03','16:00:00','17:00:00','break','Перерва'),(52,10,'2026-05-04','12:00:00','20:00:00','working','Робочий день'),(53,10,'2026-05-05','12:00:00','20:00:00','working','Робочий день'),(54,10,'2026-05-06','00:00:00','23:59:00','day_off','Вихідний'),(55,10,'2026-05-07','10:00:00','18:00:00','working','Робочий день'),(56,10,'2026-05-08','12:00:00','20:00:00','working','Робочий день'),(57,11,'2026-05-02','09:00:00','16:00:00','working','Робочий день'),(58,11,'2026-05-03','00:00:00','23:59:00','day_off','Вихідний'),(59,11,'2026-05-04','09:00:00','17:00:00','working','Робочий день'),(60,11,'2026-05-05','09:00:00','17:00:00','working','Робочий день'),(61,11,'2026-05-06','10:00:00','18:00:00','working','Робочий день'),(62,11,'2026-05-06','13:00:00','14:00:00','break','Обідня перерва'),(63,11,'2026-05-07','10:00:00','18:00:00','working','Робочий день'),(64,11,'2026-05-08','09:00:00','17:00:00','working','Робочий день'),(69,10,'2026-05-19','09:00:00','20:00:00','day_off',NULL),(72,9,'2026-05-21','09:00:00','20:00:00','day_off',NULL),(73,8,'2026-05-20','09:00:00','20:00:00','day_off',NULL),(74,5,'2026-05-22','09:00:00','17:00:00','working',NULL),(75,5,'2026-05-23','09:00:00','20:00:00','day_off',NULL),(76,5,'2026-05-24','12:00:00','15:00:00','working',NULL),(77,10,'2026-05-22','13:00:00','20:00:00','working',NULL),(78,10,'2026-05-23','12:00:00','17:00:00','working',NULL),(79,10,'2026-05-24','09:00:00','20:00:00','day_off',NULL),(80,8,'2026-05-22','12:00:00','14:00:00','break',NULL),(81,8,'2026-05-23','15:00:00','20:00:00','working',NULL),(82,8,'2026-05-24','10:00:00','15:00:00','working',NULL),(83,7,'2026-05-22','11:30:00','19:00:00','working',NULL),(84,7,'2026-05-23','09:00:00','20:00:00','day_off',NULL),(85,7,'2026-05-24','10:30:00','19:00:00','working',NULL);
/*!40000 ALTER TABLE `photographer_schedule` ENABLE KEYS */;
UNLOCK TABLES;

--
-- Table structure for table `services`
--

DROP TABLE IF EXISTS `services`;
/*!40101 SET @saved_cs_client     = @@character_set_client */;
/*!50503 SET character_set_client = utf8mb4 */;
CREATE TABLE `services` (
  `id` bigint unsigned NOT NULL AUTO_INCREMENT,
  `name` varchar(100) COLLATE utf8mb4_unicode_ci NOT NULL,
  `category` enum('main','additional') COLLATE utf8mb4_unicode_ci DEFAULT 'main',
  `description` text COLLATE utf8mb4_unicode_ci,
  `image_url` text COLLATE utf8mb4_unicode_ci,
  `site_visible` tinyint(1) NOT NULL DEFAULT '1',
  `display_order` int NOT NULL DEFAULT '0',
  `price` decimal(10,2) NOT NULL,
  `duration_minutes` int DEFAULT NULL,
  `status` enum('active','inactive') COLLATE utf8mb4_unicode_ci DEFAULT 'active',
  `created_at` timestamp NULL DEFAULT CURRENT_TIMESTAMP,
  PRIMARY KEY (`id`)
) ENGINE=InnoDB AUTO_INCREMENT=41 DEFAULT CHARSET=utf8mb4 COLLATE=utf8mb4_unicode_ci;
/*!40101 SET character_set_client = @saved_cs_client */;

--
-- Dumping data for table `services`
--

LOCK TABLES `services` WRITE;
/*!40000 ALTER TABLE `services` DISABLE KEYS */;
INSERT INTO `services` VALUES (1,'Виїзна фотосесія за межами міста','main','Автоматично додано із заявки сайту',NULL,1,1,5100.00,60,'active','2026-04-30 15:13:28'),(2,'Фотосесія вагітності','main','Автоматично додано із заявки сайту',NULL,1,2,2500.00,90,'active','2026-04-30 16:07:27'),(3,'Зачіска перед фотосесією','additional','Автоматично додано із заявки сайту',NULL,0,3,0.00,60,'inactive','2026-04-30 16:07:27'),(9,'Портретна фотосесія','main','Автоматично додано із заявки сайту',NULL,1,9,2800.00,60,'active','2026-04-30 16:31:40'),(11,'Предметна фотозйомка','main','Автоматично додано із заявки сайту',NULL,1,11,2500.00,60,'active','2026-04-30 16:40:18'),(13,'Дитяча фотосесія','main','Автоматично додано із заявки сайту',NULL,1,13,2500.00,90,'active','2026-04-30 17:48:49'),(16,'Весільна фотозйомка','main','Автоматично додано із заявки сайту',NULL,1,16,10000.00,480,'active','2026-04-30 17:52:44'),(17,'Індивідуальна студійна фотосесія','main','Автоматично додано із заявки сайту',NULL,1,17,2800.00,60,'active','2026-04-30 19:29:29'),(18,'Контент-зйомка для брендів','main','Автоматично додано із заявки сайту',NULL,1,18,2000.00,60,'active','2026-05-01 10:45:15'),(19,'Підбір локації для виїзної зйомки','additional','Автоматично додано із заявки сайту',NULL,1,19,1000.00,60,'active','2026-05-01 10:57:49'),(20,'Погодинна оренда залу','main','Автоматично додано із заявки сайту',NULL,0,20,1000.00,60,'inactive','2026-05-01 11:54:32'),(21,'Друк фотографій','additional','Автоматично додано із заявки сайту',NULL,1,21,300.00,60,'active','2026-05-01 12:40:36'),(22,'Створення фотокниги','additional','Автоматично додано із заявки сайту',NULL,1,22,2500.00,60,'active','2026-05-01 12:40:36'),(23,'Бекстейдж-відео','additional','Автоматично додано із заявки сайту',NULL,1,23,1500.00,60,'active','2026-05-01 12:40:36'),(24,'Послуги стиліста','additional','Автоматично додано із заявки сайту',NULL,0,24,1000.00,60,'inactive','2026-05-01 13:29:17'),(25,'Професійна ретуш фотографій','additional','Автоматично додано із заявки сайту',NULL,1,25,1000.00,60,'active','2026-05-01 16:33:37'),(30,'Love Story фотосесія','main','Автоматично додано із заявки сайту',NULL,1,30,3200.00,90,'active','2026-05-01 16:34:45'),(31,'Виїзна фотосесія в межах міста','main','Автоматично додано із заявки сайту',NULL,1,31,3500.00,90,'active','2026-05-01 18:47:57'),(32,'Оренда додаткового світла','additional','Автоматично додано із заявки сайту',NULL,1,32,500.00,60,'active','2026-05-04 06:04:52'),(33,'Термінова обробка фото','additional','Автоматично додано із заявки сайту',NULL,1,33,1200.00,60,'active','2026-05-04 06:04:52'),(34,'Каталожна фотозйомка','main','Автоматично додано із заявки сайту',NULL,0,34,4500.00,120,'inactive','2026-05-06 06:14:32'),(35,'Оренда реквізиту','additional','Автоматично додано із заявки сайту',NULL,1,35,400.00,60,'active','2026-05-06 06:14:32'),(36,'Макіяж перед фотосесією','additional','Автоматично додано із заявки сайту',NULL,0,36,800.00,60,'inactive','2026-05-06 06:14:32'),(37,'Оренда залу для стороннього фотографа','main','Автоматично додано із заявки сайту',NULL,1,37,1200.00,60,'active','2026-05-13 12:03:02'),(38,'Сімейна фотосесія','main','Автоматично додано із заявки сайту',NULL,1,38,3000.00,90,'active','2026-05-13 12:03:41'),(39,'Newborn-фотосесія','main','Автоматично додано із заявки сайту',NULL,1,39,4000.00,120,'active','2026-05-14 07:16:24'),(40,'індивідуальна','main',NULL,NULL,0,40,0.00,0,'inactive','2026-05-23 13:45:41');
/*!40000 ALTER TABLE `services` ENABLE KEYS */;
UNLOCK TABLES;

--
-- Table structure for table `users`
--

DROP TABLE IF EXISTS `users`;
/*!40101 SET @saved_cs_client     = @@character_set_client */;
/*!50503 SET character_set_client = utf8mb4 */;
CREATE TABLE `users` (
  `id` bigint unsigned NOT NULL AUTO_INCREMENT,
  `role` enum('client','admin','photographer') COLLATE utf8mb4_unicode_ci NOT NULL,
  `full_name` varchar(100) COLLATE utf8mb4_unicode_ci NOT NULL,
  `email` varchar(150) COLLATE utf8mb4_unicode_ci DEFAULT NULL,
  `phone` varchar(30) COLLATE utf8mb4_unicode_ci DEFAULT NULL,
  `instagram` varchar(100) COLLATE utf8mb4_unicode_ci DEFAULT NULL,
  `password_hash` varchar(255) COLLATE utf8mb4_unicode_ci DEFAULT NULL,
  `status` enum('active','inactive','blocked') COLLATE utf8mb4_unicode_ci DEFAULT 'active',
  `created_at` timestamp NULL DEFAULT CURRENT_TIMESTAMP,
  PRIMARY KEY (`id`),
  UNIQUE KEY `email` (`email`),
  UNIQUE KEY `phone` (`phone`)
) ENGINE=InnoDB AUTO_INCREMENT=305 DEFAULT CHARSET=utf8mb4 COLLATE=utf8mb4_unicode_ci;
/*!40101 SET character_set_client = @saved_cs_client */;

--
-- Dumping data for table `users`
--

LOCK TABLES `users` WRITE;
/*!40000 ALTER TABLE `users` DISABLE KEYS */;
INSERT INTO `users` VALUES (1,'client','марія','annyklob@gmail.com','0502046919','-',NULL,'active','2026-04-30 15:13:28'),(2,'admin','Адміністратор LUMINA','admin@lumina.com','+380990000001',NULL,'$2b$10$1moBrM/8c08QY5qIJPMdEOT60Q/YBf0N2nlLxBW8q9wwzBP5hqoPi','active','2026-04-30 15:52:23'),(3,'photographer','Софія Дорош','sofia.dorosh@lumina.com','0506667788','@sofia.dorosh.photo','111111','active','2026-04-30 15:52:23'),(5,'photographer','Анна Мельник','anna.melnyk@lumina.com','0501112233','@anna.melnyk.photo','$2b$10$2ud5QB3psLed7wfXUzhDLeHY0NSccJHGQDHfLnZPUXJXplC9nqsmK','active','2026-04-30 16:01:51'),(6,'photographer','Олена Коваль','olena.koval@lumina.com','0502223344','@olena.koval.photo','$2b$10$1rSrelIVgt5LNKl3Qcs5Gug37SA.u7swYQ05cG5scAgVXVA9Wg1wm','active','2026-04-30 16:01:51'),(7,'photographer','Марія Бондар','maria.bondar@lumina.com','0503334455','@maria.bondar.photo','111111','active','2026-04-30 16:01:51'),(8,'photographer','Ірина Савчук','iryna.savchuk@lumina.com','0504445566','@iryna.savchuk.photo','111111','active','2026-04-30 16:01:51'),(9,'photographer','Наталія Шевчик','natalia.shevchyk@lumina.com','0505556677','@natalia.shevchyk.photo','111111','active','2026-04-30 16:01:51'),(10,'photographer','Вікторія Гнатюк','viktoria.hnatiuk@lumina.com','0507778899','@viktoria.hnatiuk.photo','111111','active','2026-04-30 16:01:51'),(11,'photographer','Христина Левчук','khrystyna.levchuk@lumina.com','0508889900','@khrystyna.levchuk.photo','111111','active','2026-04-30 16:01:51'),(13,'client','Anny Klob','annaklob@gmail.com','0502046918',NULL,'$2b$10$4EdRe7SW2qw/mpJcWp86F.L/mPMHyrDZoHtM/rup12OziuRH8RN42','active','2026-04-30 19:28:12'),(14,'client','Марія Коваль','maria011@gmail.com','0504188621',NULL,'$2b$10$/1Q2qdVtE0oA72lO1vLVB.U7XS1AV25MJVGl1cKqluiaP8iW/bjnG','active','2026-05-05 07:46:40'),(15,'client','Депутат Богдан','bohdan1@gmail.com','0503045621',NULL,'$2b$10$hQM4IdBaBVnefmwR92JbqeJctxvfhHWXZj2sWDktpyN1U551GDTT6','active','2026-05-06 06:06:12'),(16,'client','Оксана Кравчук','oksana22@gmail.com','0952289346',NULL,'$2b$10$zSrK/twYx1TNmszh9QeiyeyhkvZc8wFwJEdDicVsI43ztbV0qnp0m','active','2026-05-12 15:09:29'),(17,'client','Олена Семків','olenka22@gmail.com','0952289344',NULL,'$2b$10$pmEplStnvK/5mYL3BsAloeyiWGK4CICHpsszdJ0yBBlnGdP6r5rtm','active','2026-05-12 15:32:20'),(18,'client','Христина Данильченко','kristina1@gmail.com','0501345895',NULL,'$2b$10$ci7IkWsiADVBYCfvkdYUKedxiDSpyvgVZeH90bR.XnU6jz/giAKxm','active','2026-05-13 06:26:05'),(19,'client','Олександра Ватраль','sandra55@gmail.com','0668493254',NULL,'$2b$10$6V6ULcdaTOBehEstOEJWJOGIFUCnYnJOMqMdYSclWS4h4.nTC6Lp.','active','2026-05-13 16:07:19'),(20,'client','Богдан Зеленко','bondanzelenko@gmail.com','0501489522',NULL,'$2b$10$uBqEVQAMr1tpLS6AfJCcq.Sf.6ZVgWSvAN.PAuXPuzXpPESzrR86.','active','2026-05-18 17:59:45'),(21,'client','Ростислав Саман','samanros@gmail.com','0669543154',NULL,'$2b$10$ZL0uIrzippd/SUxWvE5cpe4aiDdDAd9osjQ1Dp5YPpMFbk4L1qz7i','active','2026-05-18 18:02:10'),(22,'client','Поліна Селяник','polina@gmail.com','0951045848',NULL,'$2b$10$3q9RJUDWjU8o9r9LL.Ffte0iw40NDUuEf2difaaDyra7Q0JBiUQuS','active','2026-05-18 18:05:29'),(23,'client','Марина Костів','kostivmaryna@gmail.com','0956648263',NULL,'$2b$10$RDdmHrURUXvq15/2m9/JFukqTPssP6XfaoxOgyPOlP/up.qlQ7BVi','active','2026-05-19 14:00:52'),(24,'photographer','Оксана Ковальчин','oksanak@gmail.com','0665042485',NULL,'$2b$10$Bq8ZM8Cxr4alPoPZHgKm2elmcAetD0pp4lMl5apfQHI1VNBvvMQHS','inactive','2026-05-23 13:48:57'),(165,'client','Денис Захарченко','denys.zakharchenko.101.lumina2026@ukr.net','0989489579',NULL,'$2b$10$9zW4E7bPr0uyY0YdtJz7lOS6jVY3Lw7Tqzwdx6kt6Q1Yqkz0V9JxS','active','2026-01-01 10:00:00'),(166,'client','Богдан Кравченко','bohdan.kravchenko.102.lumina2026@outlook.com','0636871922',NULL,'$2b$10$9zW4E7bPr0uyY0YdtJz7lOS6jVY3Lw7Tqzwdx6kt6Q1Yqkz0V9JxS','active','2026-04-03 11:30:00'),(167,'client','Михайло Остапенко','mykhaylo.ostapenko.103.lumina2026@outlook.com','0964379555',NULL,'$2b$10$9zW4E7bPr0uyY0YdtJz7lOS6jVY3Lw7Tqzwdx6kt6Q1Yqkz0V9JxS','active','2026-02-23 14:30:00'),(168,'client','Марія Петренко','mariya.petrenko.104.lumina2026@i.ua','0675090434',NULL,'$2b$10$9zW4E7bPr0uyY0YdtJz7lOS6jVY3Lw7Tqzwdx6kt6Q1Yqkz0V9JxS','active','2026-04-25 06:30:00'),(169,'client','Юлія Остапенко','yuliya.ostapenko.105.lumina2026@outlook.com','0686391160',NULL,'$2b$10$9zW4E7bPr0uyY0YdtJz7lOS6jVY3Lw7Tqzwdx6kt6Q1Yqkz0V9JxS','active','2026-02-06 11:30:00'),(170,'client','Назар Марченко','nazar.marchenko.106.lumina2026@outlook.com','0504179088',NULL,'$2b$10$9zW4E7bPr0uyY0YdtJz7lOS6jVY3Lw7Tqzwdx6kt6Q1Yqkz0V9JxS','active','2026-02-22 11:30:00'),(171,'client','Діана Павленко','diana.pavlenko.107.lumina2026@ukr.net','0663224702',NULL,'$2b$10$9zW4E7bPr0uyY0YdtJz7lOS6jVY3Lw7Tqzwdx6kt6Q1Yqkz0V9JxS','active','2026-03-18 13:00:00'),(172,'client','Роман Кравець','roman.kravets.108.lumina2026@i.ua','0936845626',NULL,'$2b$10$9zW4E7bPr0uyY0YdtJz7lOS6jVY3Lw7Tqzwdx6kt6Q1Yqkz0V9JxS','active','2026-02-09 11:30:00'),(173,'client','Софія Павленко','sofiya.pavlenko.109.lumina2026@ukr.net','0686275137',NULL,'$2b$10$9zW4E7bPr0uyY0YdtJz7lOS6jVY3Lw7Tqzwdx6kt6Q1Yqkz0V9JxS','active','2026-01-01 11:30:00'),(174,'client','Юлія Савчук','yuliya.savchuk.110.lumina2026@ukr.net','0979129912',NULL,'$2b$10$9zW4E7bPr0uyY0YdtJz7lOS6jVY3Lw7Tqzwdx6kt6Q1Yqkz0V9JxS','active','2026-05-12 09:30:00'),(175,'client','Вікторія Коваль','viktoriya.koval.111.lumina2026@outlook.com','0504929999',NULL,'$2b$10$9zW4E7bPr0uyY0YdtJz7lOS6jVY3Lw7Tqzwdx6kt6Q1Yqkz0V9JxS','active','2026-03-12 15:00:00'),(176,'client','Наталія Гончар','nataliya.honchar.112.lumina2026@gmail.com','0639499608',NULL,'$2b$10$9zW4E7bPr0uyY0YdtJz7lOS6jVY3Lw7Tqzwdx6kt6Q1Yqkz0V9JxS','active','2026-02-07 12:30:00'),(177,'client','Катерина Марченко','kateryna.marchenko.113.lumina2026@ukr.net','0637932952',NULL,'$2b$10$9zW4E7bPr0uyY0YdtJz7lOS6jVY3Lw7Tqzwdx6kt6Q1Yqkz0V9JxS','active','2026-04-27 11:30:00'),(178,'client','Андрій Гончар','andriy.honchar.114.lumina2026@outlook.com','0951775686',NULL,'$2b$10$9zW4E7bPr0uyY0YdtJz7lOS6jVY3Lw7Tqzwdx6kt6Q1Yqkz0V9JxS','active','2026-04-24 12:00:00'),(179,'client','Тетяна Павленко','tetyana.pavlenko.115.lumina2026@ukr.net','0663892852',NULL,'$2b$10$9zW4E7bPr0uyY0YdtJz7lOS6jVY3Lw7Tqzwdx6kt6Q1Yqkz0V9JxS','active','2026-05-23 14:00:00'),(180,'client','Христина Бойко','khrystyna.boyko.116.lumina2026@gmail.com','0987323843',NULL,'$2b$10$9zW4E7bPr0uyY0YdtJz7lOS6jVY3Lw7Tqzwdx6kt6Q1Yqkz0V9JxS','active','2026-03-31 08:30:00'),(181,'client','Вікторія Дорош','viktoriya.dorosh.117.lumina2026@i.ua','0983588929',NULL,'$2b$10$9zW4E7bPr0uyY0YdtJz7lOS6jVY3Lw7Tqzwdx6kt6Q1Yqkz0V9JxS','active','2026-01-02 12:00:00'),(182,'client','Іван Мартинюк','ivan.martynyuk.118.lumina2026@outlook.com','0666209693',NULL,'$2b$10$9zW4E7bPr0uyY0YdtJz7lOS6jVY3Lw7Tqzwdx6kt6Q1Yqkz0V9JxS','active','2026-04-13 08:30:00'),(183,'client','Дмитро Мартинюк','dmytro.martynyuk.119.lumina2026@i.ua','0679987777',NULL,'$2b$10$9zW4E7bPr0uyY0YdtJz7lOS6jVY3Lw7Tqzwdx6kt6Q1Yqkz0V9JxS','active','2026-02-14 13:30:00'),(184,'client','Юлія Дорош','yuliya.dorosh.120.lumina2026@outlook.com','0987969739',NULL,'$2b$10$9zW4E7bPr0uyY0YdtJz7lOS6jVY3Lw7Tqzwdx6kt6Q1Yqkz0V9JxS','active','2026-01-08 15:30:00'),(185,'client','Катерина Приходько','kateryna.prykhodko.121.lumina2026@ukr.net','0667085737',NULL,'$2b$10$9zW4E7bPr0uyY0YdtJz7lOS6jVY3Lw7Tqzwdx6kt6Q1Yqkz0V9JxS','active','2026-05-22 10:00:00'),(186,'client','Олександр Мороз','oleksandr.moroz.122.lumina2026@outlook.com','0959667971',NULL,'$2b$10$9zW4E7bPr0uyY0YdtJz7lOS6jVY3Lw7Tqzwdx6kt6Q1Yqkz0V9JxS','active','2026-02-01 09:30:00'),(187,'client','Олександр Мельник','oleksandr.melnyk.123.lumina2026@gmail.com','0931398517',NULL,'$2b$10$9zW4E7bPr0uyY0YdtJz7lOS6jVY3Lw7Tqzwdx6kt6Q1Yqkz0V9JxS','active','2026-04-21 06:30:00'),(188,'client','Вікторія Ткаченко','viktoriya.tkachenko.124.lumina2026@i.ua','0666698698',NULL,'$2b$10$9zW4E7bPr0uyY0YdtJz7lOS6jVY3Lw7Tqzwdx6kt6Q1Yqkz0V9JxS','active','2026-05-04 07:30:00'),(189,'client','Дмитро Мельник','dmytro.melnyk.125.lumina2026@outlook.com','0956549968',NULL,'$2b$10$9zW4E7bPr0uyY0YdtJz7lOS6jVY3Lw7Tqzwdx6kt6Q1Yqkz0V9JxS','active','2026-01-01 08:30:00'),(190,'client','Софія Ткаченко','sofiya.tkachenko.126.lumina2026@gmail.com','0977855439',NULL,'$2b$10$9zW4E7bPr0uyY0YdtJz7lOS6jVY3Lw7Tqzwdx6kt6Q1Yqkz0V9JxS','active','2026-01-01 15:00:00'),(191,'client','Денис Приходько','denys.prykhodko.127.lumina2026@ukr.net','0683986020',NULL,'$2b$10$9zW4E7bPr0uyY0YdtJz7lOS6jVY3Lw7Tqzwdx6kt6Q1Yqkz0V9JxS','active','2026-02-21 15:30:00'),(192,'client','Лілія Шевченко','liliya.shevchenko.128.lumina2026@gmail.com','0934324539',NULL,'$2b$10$9zW4E7bPr0uyY0YdtJz7lOS6jVY3Lw7Tqzwdx6kt6Q1Yqkz0V9JxS','active','2026-01-05 07:00:00'),(193,'client','Ірина Кравченко','iryna.kravchenko.129.lumina2026@gmail.com','0636867628',NULL,'$2b$10$9zW4E7bPr0uyY0YdtJz7lOS6jVY3Lw7Tqzwdx6kt6Q1Yqkz0V9JxS','active','2026-03-24 07:00:00'),(194,'client','Софія Мороз','sofiya.moroz.130.lumina2026@ukr.net','0631852138',NULL,'$2b$10$9zW4E7bPr0uyY0YdtJz7lOS6jVY3Lw7Tqzwdx6kt6Q1Yqkz0V9JxS','active','2026-05-05 09:00:00'),(195,'client','Дарина Гончар','daryna.honchar.131.lumina2026@ukr.net','0668893870',NULL,'$2b$10$9zW4E7bPr0uyY0YdtJz7lOS6jVY3Lw7Tqzwdx6kt6Q1Yqkz0V9JxS','active','2026-03-03 11:30:00'),(196,'client','Вероніка Приходько','veronika.prykhodko.132.lumina2026@gmail.com','0667818456',NULL,'$2b$10$9zW4E7bPr0uyY0YdtJz7lOS6jVY3Lw7Tqzwdx6kt6Q1Yqkz0V9JxS','active','2026-01-01 07:30:00'),(197,'client','Максим Захарченко','maksym.zakharchenko.133.lumina2026@i.ua','0975139209',NULL,'$2b$10$9zW4E7bPr0uyY0YdtJz7lOS6jVY3Lw7Tqzwdx6kt6Q1Yqkz0V9JxS','active','2026-02-01 14:00:00'),(198,'client','Дмитро Левченко','dmytro.levchenko.134.lumina2026@i.ua','0971199668',NULL,'$2b$10$9zW4E7bPr0uyY0YdtJz7lOS6jVY3Lw7Tqzwdx6kt6Q1Yqkz0V9JxS','active','2026-03-01 09:00:00'),(199,'client','Аліна Іваненко','alina.ivanenko.135.lumina2026@ukr.net','0988805954',NULL,'$2b$10$9zW4E7bPr0uyY0YdtJz7lOS6jVY3Lw7Tqzwdx6kt6Q1Yqkz0V9JxS','active','2026-01-31 08:30:00'),(200,'client','Олександра Коваль','oleksandra.koval.136.lumina2026@i.ua','0685555207',NULL,'$2b$10$9zW4E7bPr0uyY0YdtJz7lOS6jVY3Lw7Tqzwdx6kt6Q1Yqkz0V9JxS','active','2026-05-23 14:30:00'),(201,'client','Діана Гончар','diana.honchar.137.lumina2026@ukr.net','0507740188',NULL,'$2b$10$9zW4E7bPr0uyY0YdtJz7lOS6jVY3Lw7Tqzwdx6kt6Q1Yqkz0V9JxS','active','2026-03-21 10:30:00'),(202,'client','Артем Мартинюк','artem.martynyuk.138.lumina2026@outlook.com','0682886015',NULL,'$2b$10$9zW4E7bPr0uyY0YdtJz7lOS6jVY3Lw7Tqzwdx6kt6Q1Yqkz0V9JxS','active','2026-05-09 10:30:00'),(203,'client','Анна Бойко','anna.boyko.139.lumina2026@ukr.net','0982303121',NULL,'$2b$10$9zW4E7bPr0uyY0YdtJz7lOS6jVY3Lw7Tqzwdx6kt6Q1Yqkz0V9JxS','active','2026-03-30 11:30:00'),(204,'client','Вероніка Кириленко','veronika.kyrylenko.140.lumina2026@ukr.net','0983224536',NULL,'$2b$10$9zW4E7bPr0uyY0YdtJz7lOS6jVY3Lw7Tqzwdx6kt6Q1Yqkz0V9JxS','active','2026-03-20 12:30:00'),(205,'client','Карина Павленко','karyna.pavlenko.141.lumina2026@outlook.com','0675579511',NULL,'$2b$10$9zW4E7bPr0uyY0YdtJz7lOS6jVY3Lw7Tqzwdx6kt6Q1Yqkz0V9JxS','active','2026-04-23 11:30:00'),(206,'client','Олександр Мартинюк','oleksandr.martynyuk.142.lumina2026@gmail.com','0672869759',NULL,'$2b$10$9zW4E7bPr0uyY0YdtJz7lOS6jVY3Lw7Tqzwdx6kt6Q1Yqkz0V9JxS','active','2026-04-04 07:30:00'),(207,'client','Артем Кравець','artem.kravets.143.lumina2026@outlook.com','0951881553',NULL,'$2b$10$9zW4E7bPr0uyY0YdtJz7lOS6jVY3Lw7Tqzwdx6kt6Q1Yqkz0V9JxS','active','2026-01-16 11:30:00'),(208,'client','Тетяна Мельник','tetyana.melnyk.144.lumina2026@outlook.com','0664143062',NULL,'$2b$10$9zW4E7bPr0uyY0YdtJz7lOS6jVY3Lw7Tqzwdx6kt6Q1Yqkz0V9JxS','active','2026-01-21 09:00:00'),(209,'client','Денис Бойко','denys.boyko.145.lumina2026@ukr.net','0668917110',NULL,'$2b$10$9zW4E7bPr0uyY0YdtJz7lOS6jVY3Lw7Tqzwdx6kt6Q1Yqkz0V9JxS','active','2026-05-02 14:30:00'),(210,'client','Дмитро Приходько','dmytro.prykhodko.146.lumina2026@i.ua','0979792456',NULL,'$2b$10$9zW4E7bPr0uyY0YdtJz7lOS6jVY3Lw7Tqzwdx6kt6Q1Yqkz0V9JxS','active','2026-02-16 10:30:00'),(211,'client','Артем Гнатюк','artem.hnatyuk.147.lumina2026@ukr.net','0958379215',NULL,'$2b$10$9zW4E7bPr0uyY0YdtJz7lOS6jVY3Lw7Tqzwdx6kt6Q1Yqkz0V9JxS','active','2026-01-07 14:30:00'),(212,'client','Софія Бондар','sofiya.bondar.148.lumina2026@outlook.com','0932442160',NULL,'$2b$10$9zW4E7bPr0uyY0YdtJz7lOS6jVY3Lw7Tqzwdx6kt6Q1Yqkz0V9JxS','active','2026-01-01 11:00:00'),(213,'client','Ірина Приходько','iryna.prykhodko.149.lumina2026@ukr.net','0988267180',NULL,'$2b$10$9zW4E7bPr0uyY0YdtJz7lOS6jVY3Lw7Tqzwdx6kt6Q1Yqkz0V9JxS','active','2026-05-22 07:00:00'),(214,'client','Олександр Кравець','oleksandr.kravets.150.lumina2026@gmail.com','0975222507',NULL,'$2b$10$9zW4E7bPr0uyY0YdtJz7lOS6jVY3Lw7Tqzwdx6kt6Q1Yqkz0V9JxS','active','2026-01-06 08:30:00'),(215,'client','Вікторія Лисенко','viktoriya.lysenko.151.lumina2026@ukr.net','0663826764',NULL,'$2b$10$9zW4E7bPr0uyY0YdtJz7lOS6jVY3Lw7Tqzwdx6kt6Q1Yqkz0V9JxS','active','2026-04-26 09:30:00'),(216,'client','Олена Сидоренко','olena.sydorenko.152.lumina2026@i.ua','0661426933',NULL,'$2b$10$9zW4E7bPr0uyY0YdtJz7lOS6jVY3Lw7Tqzwdx6kt6Q1Yqkz0V9JxS','active','2026-02-23 07:30:00'),(217,'client','Олександр Гнатюк','oleksandr.hnatyuk.153.lumina2026@ukr.net','0502913333',NULL,'$2b$10$9zW4E7bPr0uyY0YdtJz7lOS6jVY3Lw7Tqzwdx6kt6Q1Yqkz0V9JxS','active','2026-02-06 10:00:00'),(218,'client','Олена Ковальчук','olena.kovalchuk.154.lumina2026@outlook.com','0636745804',NULL,'$2b$10$9zW4E7bPr0uyY0YdtJz7lOS6jVY3Lw7Tqzwdx6kt6Q1Yqkz0V9JxS','active','2026-04-08 12:30:00'),(219,'client','Андрій Ткаченко','andriy.tkachenko.155.lumina2026@ukr.net','0972290232',NULL,'$2b$10$9zW4E7bPr0uyY0YdtJz7lOS6jVY3Lw7Tqzwdx6kt6Q1Yqkz0V9JxS','active','2026-03-03 09:00:00'),(220,'client','Христина Іваненко','khrystyna.ivanenko.156.lumina2026@outlook.com','0633613114',NULL,'$2b$10$9zW4E7bPr0uyY0YdtJz7lOS6jVY3Lw7Tqzwdx6kt6Q1Yqkz0V9JxS','active','2026-01-31 12:30:00'),(221,'client','Роман Ткаченко','roman.tkachenko.157.lumina2026@i.ua','0632130106',NULL,'$2b$10$9zW4E7bPr0uyY0YdtJz7lOS6jVY3Lw7Tqzwdx6kt6Q1Yqkz0V9JxS','active','2026-05-21 07:30:00'),(222,'client','Марія Поліщук','mariya.polishchuk.158.lumina2026@gmail.com','0937526342',NULL,'$2b$10$9zW4E7bPr0uyY0YdtJz7lOS6jVY3Lw7Tqzwdx6kt6Q1Yqkz0V9JxS','active','2026-04-15 06:00:00'),(223,'client','Ірина Петренко','iryna.petrenko.159.lumina2026@ukr.net','0674737438',NULL,'$2b$10$9zW4E7bPr0uyY0YdtJz7lOS6jVY3Lw7Tqzwdx6kt6Q1Yqkz0V9JxS','active','2026-04-14 10:30:00'),(224,'client','Михайло Поліщук','mykhaylo.polishchuk.160.lumina2026@i.ua','0959025727',NULL,'$2b$10$9zW4E7bPr0uyY0YdtJz7lOS6jVY3Lw7Tqzwdx6kt6Q1Yqkz0V9JxS','active','2026-04-08 09:00:00'),(225,'client','Павло Савчук','pavlo.savchuk.161.lumina2026@ukr.net','0956930961',NULL,'$2b$10$9zW4E7bPr0uyY0YdtJz7lOS6jVY3Lw7Tqzwdx6kt6Q1Yqkz0V9JxS','active','2026-01-20 13:00:00'),(226,'client','Олена Мороз','olena.moroz.162.lumina2026@i.ua','0506767319',NULL,'$2b$10$9zW4E7bPr0uyY0YdtJz7lOS6jVY3Lw7Tqzwdx6kt6Q1Yqkz0V9JxS','active','2026-01-04 07:30:00'),(227,'client','Єлизавета Петренко','yelyzaveta.petrenko.163.lumina2026@ukr.net','0507989524',NULL,'$2b$10$9zW4E7bPr0uyY0YdtJz7lOS6jVY3Lw7Tqzwdx6kt6Q1Yqkz0V9JxS','active','2026-01-07 13:00:00'),(228,'client','Вікторія Ткаченко','viktoriya.tkachenko.164.lumina2026@outlook.com','0507702368',NULL,'$2b$10$9zW4E7bPr0uyY0YdtJz7lOS6jVY3Lw7Tqzwdx6kt6Q1Yqkz0V9JxS','active','2026-01-01 11:30:00'),(229,'client','Максим Іваненко','maksym.ivanenko.165.lumina2026@gmail.com','0984298574',NULL,'$2b$10$9zW4E7bPr0uyY0YdtJz7lOS6jVY3Lw7Tqzwdx6kt6Q1Yqkz0V9JxS','active','2026-05-06 12:00:00'),(230,'client','Роман Гнатюк','roman.hnatyuk.166.lumina2026@ukr.net','0986075552',NULL,'$2b$10$9zW4E7bPr0uyY0YdtJz7lOS6jVY3Lw7Tqzwdx6kt6Q1Yqkz0V9JxS','active','2026-04-12 06:30:00'),(231,'client','Юлія Гончар','yuliya.honchar.167.lumina2026@ukr.net','0975569798',NULL,'$2b$10$9zW4E7bPr0uyY0YdtJz7lOS6jVY3Lw7Tqzwdx6kt6Q1Yqkz0V9JxS','active','2026-04-07 08:30:00'),(232,'client','Софія Шевченко','sofiya.shevchenko.168.lumina2026@gmail.com','0665760842',NULL,'$2b$10$9zW4E7bPr0uyY0YdtJz7lOS6jVY3Lw7Tqzwdx6kt6Q1Yqkz0V9JxS','active','2026-01-01 07:00:00'),(233,'client','Дмитро Іваненко','dmytro.ivanenko.169.lumina2026@gmail.com','0508746174',NULL,'$2b$10$9zW4E7bPr0uyY0YdtJz7lOS6jVY3Lw7Tqzwdx6kt6Q1Yqkz0V9JxS','active','2026-02-05 08:00:00'),(234,'client','Софія Лисенко','sofiya.lysenko.170.lumina2026@ukr.net','0952151847',NULL,'$2b$10$9zW4E7bPr0uyY0YdtJz7lOS6jVY3Lw7Tqzwdx6kt6Q1Yqkz0V9JxS','active','2026-04-22 11:00:00'),(235,'client','Марія Мороз','mariya.moroz.171.lumina2026@i.ua','0951858379',NULL,'$2b$10$9zW4E7bPr0uyY0YdtJz7lOS6jVY3Lw7Tqzwdx6kt6Q1Yqkz0V9JxS','active','2026-02-17 13:30:00'),(236,'client','Марина Поліщук','maryna.polishchuk.172.lumina2026@outlook.com','0666745672',NULL,'$2b$10$9zW4E7bPr0uyY0YdtJz7lOS6jVY3Lw7Tqzwdx6kt6Q1Yqkz0V9JxS','active','2026-04-01 10:00:00'),(237,'client','Аліна Дорош','alina.dorosh.173.lumina2026@i.ua','0978536156',NULL,'$2b$10$9zW4E7bPr0uyY0YdtJz7lOS6jVY3Lw7Tqzwdx6kt6Q1Yqkz0V9JxS','active','2026-05-07 08:30:00'),(238,'client','Валерія Кравченко','valeriya.kravchenko.174.lumina2026@outlook.com','0509883270',NULL,'$2b$10$9zW4E7bPr0uyY0YdtJz7lOS6jVY3Lw7Tqzwdx6kt6Q1Yqkz0V9JxS','active','2026-03-31 12:30:00'),(239,'client','Максим Остапенко','maksym.ostapenko.175.lumina2026@i.ua','0634053379',NULL,'$2b$10$9zW4E7bPr0uyY0YdtJz7lOS6jVY3Lw7Tqzwdx6kt6Q1Yqkz0V9JxS','active','2026-03-20 13:00:00'),(240,'client','Наталія Бойко','nataliya.boyko.176.lumina2026@gmail.com','0675161717',NULL,'$2b$10$9zW4E7bPr0uyY0YdtJz7lOS6jVY3Lw7Tqzwdx6kt6Q1Yqkz0V9JxS','active','2026-04-05 12:30:00'),(241,'client','Максим Іваненко','maksym.ivanenko.177.lumina2026@gmail.com','0671994935',NULL,'$2b$10$9zW4E7bPr0uyY0YdtJz7lOS6jVY3Lw7Tqzwdx6kt6Q1Yqkz0V9JxS','active','2026-04-02 12:00:00'),(242,'client','Ірина Мельник','iryna.melnyk.178.lumina2026@i.ua','0951066888',NULL,'$2b$10$9zW4E7bPr0uyY0YdtJz7lOS6jVY3Lw7Tqzwdx6kt6Q1Yqkz0V9JxS','active','2026-02-18 09:30:00'),(243,'client','Богдан Гнатюк','bohdan.hnatyuk.179.lumina2026@i.ua','0501614386',NULL,'$2b$10$9zW4E7bPr0uyY0YdtJz7lOS6jVY3Lw7Tqzwdx6kt6Q1Yqkz0V9JxS','active','2026-04-16 10:30:00'),(244,'client','Софія Павленко','sofiya.pavlenko.180.lumina2026@i.ua','0662243766',NULL,'$2b$10$9zW4E7bPr0uyY0YdtJz7lOS6jVY3Lw7Tqzwdx6kt6Q1Yqkz0V9JxS','active','2026-01-30 13:00:00'),(245,'client','Ірина Левченко','iryna.levchenko.181.lumina2026@ukr.net','0508857210',NULL,'$2b$10$9zW4E7bPr0uyY0YdtJz7lOS6jVY3Lw7Tqzwdx6kt6Q1Yqkz0V9JxS','active','2026-02-15 07:00:00'),(246,'client','Дарина Сидоренко','daryna.sydorenko.182.lumina2026@outlook.com','0973152232',NULL,'$2b$10$9zW4E7bPr0uyY0YdtJz7lOS6jVY3Lw7Tqzwdx6kt6Q1Yqkz0V9JxS','active','2026-02-26 13:30:00'),(247,'client','Владислав Мартинюк','vladyslav.martynyuk.183.lumina2026@gmail.com','0503553264',NULL,'$2b$10$9zW4E7bPr0uyY0YdtJz7lOS6jVY3Lw7Tqzwdx6kt6Q1Yqkz0V9JxS','active','2026-05-22 08:30:00'),(248,'client','Аліна Поліщук','alina.polishchuk.184.lumina2026@outlook.com','0959218135',NULL,'$2b$10$9zW4E7bPr0uyY0YdtJz7lOS6jVY3Lw7Tqzwdx6kt6Q1Yqkz0V9JxS','active','2026-02-08 11:30:00'),(249,'client','Аліна Мартинюк','alina.martynyuk.185.lumina2026@gmail.com','0674768996',NULL,'$2b$10$9zW4E7bPr0uyY0YdtJz7lOS6jVY3Lw7Tqzwdx6kt6Q1Yqkz0V9JxS','active','2026-01-01 15:00:00'),(250,'client','Христина Мартинюк','khrystyna.martynyuk.186.lumina2026@i.ua','0684244306',NULL,'$2b$10$9zW4E7bPr0uyY0YdtJz7lOS6jVY3Lw7Tqzwdx6kt6Q1Yqkz0V9JxS','active','2026-01-15 08:30:00'),(251,'client','Аліна Мельник','alina.melnyk.187.lumina2026@gmail.com','0937436002',NULL,'$2b$10$9zW4E7bPr0uyY0YdtJz7lOS6jVY3Lw7Tqzwdx6kt6Q1Yqkz0V9JxS','active','2026-01-01 10:00:00'),(252,'client','Віталій Бойко','vitaliy.boyko.188.lumina2026@gmail.com','0933854242',NULL,'$2b$10$9zW4E7bPr0uyY0YdtJz7lOS6jVY3Lw7Tqzwdx6kt6Q1Yqkz0V9JxS','active','2026-03-05 14:30:00'),(253,'client','Карина Мартинюк','karyna.martynyuk.189.lumina2026@gmail.com','0957984516',NULL,'$2b$10$9zW4E7bPr0uyY0YdtJz7lOS6jVY3Lw7Tqzwdx6kt6Q1Yqkz0V9JxS','active','2026-02-13 08:00:00'),(254,'client','Марія Бойко','mariya.boyko.190.lumina2026@gmail.com','0964431538',NULL,'$2b$10$9zW4E7bPr0uyY0YdtJz7lOS6jVY3Lw7Tqzwdx6kt6Q1Yqkz0V9JxS','active','2026-02-05 12:30:00'),(255,'client','Вікторія Іваненко','viktoriya.ivanenko.191.lumina2026@outlook.com','0675314549',NULL,'$2b$10$9zW4E7bPr0uyY0YdtJz7lOS6jVY3Lw7Tqzwdx6kt6Q1Yqkz0V9JxS','active','2026-03-02 11:00:00'),(256,'client','Денис Лисенко','denys.lysenko.192.lumina2026@i.ua','0683045395',NULL,'$2b$10$9zW4E7bPr0uyY0YdtJz7lOS6jVY3Lw7Tqzwdx6kt6Q1Yqkz0V9JxS','active','2026-02-27 15:30:00'),(257,'client','Дарина Мартинюк','daryna.martynyuk.193.lumina2026@ukr.net','0975684429',NULL,'$2b$10$9zW4E7bPr0uyY0YdtJz7lOS6jVY3Lw7Tqzwdx6kt6Q1Yqkz0V9JxS','active','2026-03-19 14:00:00'),(258,'client','Катерина Ковальчук','kateryna.kovalchuk.194.lumina2026@gmail.com','0951299195',NULL,'$2b$10$9zW4E7bPr0uyY0YdtJz7lOS6jVY3Lw7Tqzwdx6kt6Q1Yqkz0V9JxS','active','2026-05-04 10:00:00'),(259,'client','Віталій Сидоренко','vitaliy.sydorenko.195.lumina2026@ukr.net','0934699973',NULL,'$2b$10$9zW4E7bPr0uyY0YdtJz7lOS6jVY3Lw7Tqzwdx6kt6Q1Yqkz0V9JxS','active','2026-01-01 08:30:00'),(260,'client','Віталій Мельник','vitaliy.melnyk.196.lumina2026@i.ua','0984667624',NULL,'$2b$10$9zW4E7bPr0uyY0YdtJz7lOS6jVY3Lw7Tqzwdx6kt6Q1Yqkz0V9JxS','active','2026-01-26 10:00:00'),(261,'client','Олена Клименко','olena.klymenko.197.lumina2026@ukr.net','0974414782',NULL,'$2b$10$9zW4E7bPr0uyY0YdtJz7lOS6jVY3Lw7Tqzwdx6kt6Q1Yqkz0V9JxS','active','2026-05-07 11:00:00'),(262,'client','Артем Бойко','artem.boyko.198.lumina2026@gmail.com','0957594793',NULL,'$2b$10$9zW4E7bPr0uyY0YdtJz7lOS6jVY3Lw7Tqzwdx6kt6Q1Yqkz0V9JxS','active','2026-02-01 15:00:00'),(263,'client','Назар Бондар','nazar.bondar.199.lumina2026@ukr.net','0985253987',NULL,'$2b$10$9zW4E7bPr0uyY0YdtJz7lOS6jVY3Lw7Tqzwdx6kt6Q1Yqkz0V9JxS','active','2026-05-01 08:30:00'),(264,'client','Діана Мельник','diana.melnyk.200.lumina2026@outlook.com','0675408444',NULL,'$2b$10$9zW4E7bPr0uyY0YdtJz7lOS6jVY3Lw7Tqzwdx6kt6Q1Yqkz0V9JxS','active','2026-02-01 15:00:00'),(265,'client','Михайло Кравченко','mykhaylo.kravchenko.201.lumina2026@gmail.com','0931983931',NULL,'$2b$10$9zW4E7bPr0uyY0YdtJz7lOS6jVY3Lw7Tqzwdx6kt6Q1Yqkz0V9JxS','active','2026-03-18 11:00:00'),(266,'client','Іван Гнатюк','ivan.hnatyuk.202.lumina2026@outlook.com','0664410937',NULL,'$2b$10$9zW4E7bPr0uyY0YdtJz7lOS6jVY3Lw7Tqzwdx6kt6Q1Yqkz0V9JxS','active','2026-01-01 08:00:00'),(267,'client','Лілія Приходько','liliya.prykhodko.203.lumina2026@gmail.com','0503153907',NULL,'$2b$10$9zW4E7bPr0uyY0YdtJz7lOS6jVY3Lw7Tqzwdx6kt6Q1Yqkz0V9JxS','active','2026-04-26 14:00:00'),(268,'client','Юлія Іваненко','yuliya.ivanenko.204.lumina2026@gmail.com','0631815903',NULL,'$2b$10$9zW4E7bPr0uyY0YdtJz7lOS6jVY3Lw7Tqzwdx6kt6Q1Yqkz0V9JxS','active','2026-05-22 13:30:00'),(269,'client','Тарас Ткаченко','taras.tkachenko.205.lumina2026@gmail.com','0668359567',NULL,'$2b$10$9zW4E7bPr0uyY0YdtJz7lOS6jVY3Lw7Tqzwdx6kt6Q1Yqkz0V9JxS','active','2026-03-16 11:30:00'),(270,'client','Павло Клименко','pavlo.klymenko.206.lumina2026@outlook.com','0952789887',NULL,'$2b$10$9zW4E7bPr0uyY0YdtJz7lOS6jVY3Lw7Tqzwdx6kt6Q1Yqkz0V9JxS','active','2026-02-12 12:00:00'),(271,'client','Тарас Мороз','taras.moroz.207.lumina2026@outlook.com','0985133172',NULL,'$2b$10$9zW4E7bPr0uyY0YdtJz7lOS6jVY3Lw7Tqzwdx6kt6Q1Yqkz0V9JxS','active','2026-03-09 10:30:00'),(272,'client','Дмитро Дорош','dmytro.dorosh.208.lumina2026@gmail.com','0665592966',NULL,'$2b$10$9zW4E7bPr0uyY0YdtJz7lOS6jVY3Lw7Tqzwdx6kt6Q1Yqkz0V9JxS','active','2026-04-05 06:30:00'),(273,'client','Лілія Кравченко','liliya.kravchenko.209.lumina2026@outlook.com','0989962344',NULL,'$2b$10$9zW4E7bPr0uyY0YdtJz7lOS6jVY3Lw7Tqzwdx6kt6Q1Yqkz0V9JxS','active','2026-01-25 07:00:00'),(274,'client','Іван Захарченко','ivan.zakharchenko.210.lumina2026@i.ua','0686074238',NULL,'$2b$10$9zW4E7bPr0uyY0YdtJz7lOS6jVY3Lw7Tqzwdx6kt6Q1Yqkz0V9JxS','active','2026-01-23 13:30:00'),(275,'client','Павло Марченко','pavlo.marchenko.211.lumina2026@gmail.com','0973468327',NULL,'$2b$10$9zW4E7bPr0uyY0YdtJz7lOS6jVY3Lw7Tqzwdx6kt6Q1Yqkz0V9JxS','active','2026-01-13 13:00:00'),(276,'client','Вікторія Павленко','viktoriya.pavlenko.212.lumina2026@ukr.net','0674362861',NULL,'$2b$10$9zW4E7bPr0uyY0YdtJz7lOS6jVY3Lw7Tqzwdx6kt6Q1Yqkz0V9JxS','active','2026-04-28 08:30:00'),(277,'client','Вероніка Савчук','veronika.savchuk.213.lumina2026@ukr.net','0689543225',NULL,'$2b$10$9zW4E7bPr0uyY0YdtJz7lOS6jVY3Lw7Tqzwdx6kt6Q1Yqkz0V9JxS','active','2026-03-01 07:30:00'),(278,'client','Дмитро Шевченко','dmytro.shevchenko.214.lumina2026@ukr.net','0974842018',NULL,'$2b$10$9zW4E7bPr0uyY0YdtJz7lOS6jVY3Lw7Tqzwdx6kt6Q1Yqkz0V9JxS','active','2026-04-02 08:00:00'),(279,'client','Наталія Петренко','nataliya.petrenko.215.lumina2026@i.ua','0688020661',NULL,'$2b$10$9zW4E7bPr0uyY0YdtJz7lOS6jVY3Lw7Tqzwdx6kt6Q1Yqkz0V9JxS','active','2026-02-12 13:30:00'),(280,'client','Марія Павленко','mariya.pavlenko.216.lumina2026@gmail.com','0973153533',NULL,'$2b$10$9zW4E7bPr0uyY0YdtJz7lOS6jVY3Lw7Tqzwdx6kt6Q1Yqkz0V9JxS','active','2026-02-18 13:00:00'),(281,'client','Карина Петренко','karyna.petrenko.217.lumina2026@outlook.com','0967020730',NULL,'$2b$10$9zW4E7bPr0uyY0YdtJz7lOS6jVY3Lw7Tqzwdx6kt6Q1Yqkz0V9JxS','active','2026-03-06 14:30:00'),(282,'client','Олександра Клименко','oleksandra.klymenko.218.lumina2026@outlook.com','0978875839',NULL,'$2b$10$9zW4E7bPr0uyY0YdtJz7lOS6jVY3Lw7Tqzwdx6kt6Q1Yqkz0V9JxS','active','2026-02-13 11:00:00'),(283,'client','Вікторія Кравець','viktoriya.kravets.219.lumina2026@i.ua','0989730056',NULL,'$2b$10$9zW4E7bPr0uyY0YdtJz7lOS6jVY3Lw7Tqzwdx6kt6Q1Yqkz0V9JxS','active','2026-04-22 13:00:00'),(284,'client','Назар Захарченко','nazar.zakharchenko.220.lumina2026@ukr.net','0681061972',NULL,'$2b$10$9zW4E7bPr0uyY0YdtJz7lOS6jVY3Lw7Tqzwdx6kt6Q1Yqkz0V9JxS','active','2026-04-17 09:30:00'),(285,'client','Вікторія Романенко','viktoriya.romanenko.221.lumina2026@gmail.com','0678133673',NULL,'$2b$10$9zW4E7bPr0uyY0YdtJz7lOS6jVY3Lw7Tqzwdx6kt6Q1Yqkz0V9JxS','active','2026-03-16 13:00:00'),(286,'client','Лілія Мельник','liliya.melnyk.222.lumina2026@i.ua','0935436975',NULL,'$2b$10$9zW4E7bPr0uyY0YdtJz7lOS6jVY3Lw7Tqzwdx6kt6Q1Yqkz0V9JxS','active','2026-02-02 10:30:00'),(287,'client','Карина Клименко','karyna.klymenko.223.lumina2026@gmail.com','0968093066',NULL,'$2b$10$9zW4E7bPr0uyY0YdtJz7lOS6jVY3Lw7Tqzwdx6kt6Q1Yqkz0V9JxS','active','2026-02-18 15:30:00'),(288,'client','Олександра Поліщук','oleksandra.polishchuk.224.lumina2026@gmail.com','0988366046',NULL,'$2b$10$9zW4E7bPr0uyY0YdtJz7lOS6jVY3Lw7Tqzwdx6kt6Q1Yqkz0V9JxS','active','2026-01-23 10:30:00'),(289,'client','Іван Коваль','ivan.koval.225.lumina2026@gmail.com','0503559406',NULL,'$2b$10$9zW4E7bPr0uyY0YdtJz7lOS6jVY3Lw7Tqzwdx6kt6Q1Yqkz0V9JxS','active','2026-01-26 10:00:00'),(290,'client','Марія Ткаченко','mariya.tkachenko.226.lumina2026@i.ua','0669925141',NULL,'$2b$10$9zW4E7bPr0uyY0YdtJz7lOS6jVY3Lw7Tqzwdx6kt6Q1Yqkz0V9JxS','active','2026-05-15 13:00:00'),(291,'client','Юлія Приходько','yuliya.prykhodko.227.lumina2026@ukr.net','0956781660',NULL,'$2b$10$9zW4E7bPr0uyY0YdtJz7lOS6jVY3Lw7Tqzwdx6kt6Q1Yqkz0V9JxS','active','2026-02-07 08:00:00'),(292,'client','Назар Сидоренко','nazar.sydorenko.228.lumina2026@gmail.com','0989078705',NULL,'$2b$10$9zW4E7bPr0uyY0YdtJz7lOS6jVY3Lw7Tqzwdx6kt6Q1Yqkz0V9JxS','active','2026-01-07 08:00:00'),(293,'client','Вероніка Приходько','veronika.prykhodko.229.lumina2026@i.ua','0961779475',NULL,'$2b$10$9zW4E7bPr0uyY0YdtJz7lOS6jVY3Lw7Tqzwdx6kt6Q1Yqkz0V9JxS','active','2026-04-17 10:30:00'),(294,'client','Діана Остапенко','diana.ostapenko.230.lumina2026@gmail.com','0673573586',NULL,'$2b$10$9zW4E7bPr0uyY0YdtJz7lOS6jVY3Lw7Tqzwdx6kt6Q1Yqkz0V9JxS','active','2026-04-10 14:00:00'),(295,'client','Владислав Мороз','vladyslav.moroz.231.lumina2026@i.ua','0636357564',NULL,'$2b$10$9zW4E7bPr0uyY0YdtJz7lOS6jVY3Lw7Tqzwdx6kt6Q1Yqkz0V9JxS','active','2026-03-18 08:30:00'),(296,'client','Христина Остапенко','khrystyna.ostapenko.232.lumina2026@outlook.com','0969584613',NULL,'$2b$10$9zW4E7bPr0uyY0YdtJz7lOS6jVY3Lw7Tqzwdx6kt6Q1Yqkz0V9JxS','active','2026-01-05 15:00:00'),(297,'client','Марія Кравченко','mariya.kravchenko.233.lumina2026@gmail.com','0673213471',NULL,'$2b$10$9zW4E7bPr0uyY0YdtJz7lOS6jVY3Lw7Tqzwdx6kt6Q1Yqkz0V9JxS','active','2026-03-11 07:00:00'),(298,'client','Анастасія Коваль','anastasiya.koval.234.lumina2026@gmail.com','0674801343',NULL,'$2b$10$9zW4E7bPr0uyY0YdtJz7lOS6jVY3Lw7Tqzwdx6kt6Q1Yqkz0V9JxS','active','2026-03-08 07:00:00'),(299,'client','Андрій Мороз','andriy.moroz.235.lumina2026@outlook.com','0637088214',NULL,'$2b$10$9zW4E7bPr0uyY0YdtJz7lOS6jVY3Lw7Tqzwdx6kt6Q1Yqkz0V9JxS','active','2026-04-23 09:00:00'),(300,'client','Роман Савчук','roman.savchuk.236.lumina2026@ukr.net','0934412636',NULL,'$2b$10$9zW4E7bPr0uyY0YdtJz7lOS6jVY3Lw7Tqzwdx6kt6Q1Yqkz0V9JxS','active','2026-03-24 12:00:00'),(301,'client','Богдан Коваль','bohdan.koval.237.lumina2026@gmail.com','0632862730',NULL,'$2b$10$9zW4E7bPr0uyY0YdtJz7lOS6jVY3Lw7Tqzwdx6kt6Q1Yqkz0V9JxS','active','2026-01-09 11:30:00'),(302,'client','Катерина Ковальчук','kateryna.kovalchuk.238.lumina2026@outlook.com','0635149903',NULL,'$2b$10$9zW4E7bPr0uyY0YdtJz7lOS6jVY3Lw7Tqzwdx6kt6Q1Yqkz0V9JxS','active','2026-03-22 15:30:00'),(303,'client','Марія Мороз','mariya.moroz.239.lumina2026@i.ua','0662957201',NULL,'$2b$10$9zW4E7bPr0uyY0YdtJz7lOS6jVY3Lw7Tqzwdx6kt6Q1Yqkz0V9JxS','active','2026-01-16 11:00:00'),(304,'client','Денис Романенко','denys.romanenko.240.lumina2026@ukr.net','0503360598',NULL,'$2b$10$9zW4E7bPr0uyY0YdtJz7lOS6jVY3Lw7Tqzwdx6kt6Q1Yqkz0V9JxS','active','2026-05-09 09:00:00');
/*!40000 ALTER TABLE `users` ENABLE KEYS */;
UNLOCK TABLES;
/*!40103 SET TIME_ZONE=@OLD_TIME_ZONE */;

/*!40101 SET SQL_MODE=@OLD_SQL_MODE */;
/*!40014 SET FOREIGN_KEY_CHECKS=@OLD_FOREIGN_KEY_CHECKS */;
/*!40014 SET UNIQUE_CHECKS=@OLD_UNIQUE_CHECKS */;
/*!40101 SET CHARACTER_SET_CLIENT=@OLD_CHARACTER_SET_CLIENT */;
/*!40101 SET CHARACTER_SET_RESULTS=@OLD_CHARACTER_SET_RESULTS */;
/*!40101 SET COLLATION_CONNECTION=@OLD_COLLATION_CONNECTION */;
/*!40111 SET SQL_NOTES=@OLD_SQL_NOTES */;

-- Dump completed on 2026-05-23 19:39:09
